INSERT INTO categories VALUES ('A', NULL, '#000000', 0, 900, '2024-01-06T09:00:00', FALSE, 7, 70, 35, 20, NULL, 72, 20);
INSERT INTO categories VALUES ('B', NULL, '#000000', 0, 1500, '2024-01-06T10:15:00', FALSE, 7, 140, 70, 35, NULL, 72, 15);
INSERT INTO categories VALUES ('C', NULL, '#00FF00', 1300, 4000, '2024-01-06T11:30:00', TRUE, 10, 300, 150, 75, NULL, 36, 10);
INSERT INTO categories VALUES ('D', NULL, '#00FF00', 0, 1100, '2024-01-06T12:45:00', FALSE, 7, 100, 50, 25, NULL, 72, 20);
INSERT INTO categories VALUES ('E', NULL, '#FF0000', 1500, 4000, '2024-01-06T14:00:00', FALSE, 10, 300, 150, 75, NULL, 72, 0);
INSERT INTO categories VALUES ('F', NULL, '#FF0000', 0, 1300, '2024-01-06T15:00:00', FALSE, 7, 120, 60, 30, NULL, 72, 10);
INSERT INTO categories VALUES ('G', NULL, NULL, 0, 1900, '2024-01-06T16:00:00', FALSE, 7, 180, 90, 45, NULL, 72, 15);
INSERT INTO categories VALUES ('1', NULL, '#0000FF', 0, 1700, '2024-01-07T09:00:00', FALSE, 7, 170, 85, 45, NULL, 72, 20);
INSERT INTO categories VALUES ('2', NULL, '#0000FF', 0, 1400, '2024-01-07T10:15:00', FALSE, 7, 130, 65, 35, NULL, 72, 0);
INSERT INTO categories VALUES ('3', NULL, '#FFFF00', 0, 2100, '2024-01-07T11:30:00', FALSE, 7, 200, 100, 50, NULL, 72, 30);
INSERT INTO categories VALUES ('4', NULL, '#FFFF00', 0, 1000, '2024-01-07T12:45:00', FALSE, 7, 90, 45, 25, NULL, 72, 20);
INSERT INTO categories VALUES ('5', NULL, NULL, 0, 1600, '2024-01-07T14:00:00', TRUE, 7, 150, 75, 40, NULL, 36, 20);
INSERT INTO categories VALUES ('6', NULL, '#00FFFF', 0, 1200, '2024-01-07T15:00:00', FALSE, 7, 110, 55, 30, NULL, 72, 15);
INSERT INTO categories VALUES ('7', NULL, '#00FFFF', 0, 800, '2024-01-07T16:00:00', FALSE, 7, 60, 30, 15, NULL, 72, 10);

INSERT INTO players VALUES (9536504, NULL, 'Xmmdmlm', 'PBRIPYCK', 'krqpulmtmm@zrqdvu.com', '+336047911690', 'F', 1663, 'HERBLAY ASTT');
INSERT INTO players VALUES (3714960, NULL, 'Mxlkfod', 'EXWMBYSU', 'zzenpibbfc@oguarz.com', '+336950666140', 'F', 1144, '4S TOURS T.T.');
INSERT INTO players VALUES (7886249, NULL, 'Iifadth', 'COIBTUNG', 'oqkxhwupax@zqvnmm.com', '+336330441827', 'F', 901, 'PECQ US');
INSERT INTO players VALUES (5953737, NULL, 'Ugaxkfj', 'EDYQCAPE', 'hwineokrue@bllzhq.com', '+336214388998', 'F', 1586, 'PALAISEAU US');
INSERT INTO players VALUES (5325784, NULL, 'Ypwwkdf', 'JRBIKZES', 'wemnllhvjg@wvzlim.com', '+336586819466', 'M', 1535, 'LAVAL Francs Archers');
INSERT INTO players VALUES (9145837, NULL, 'Nptcqsy', 'HZSPPNTA', 'nrzopbzehb@moxbqw.com', '+336828009963', 'F', 1326, 'SQY PING');
INSERT INTO players VALUES (4451551, NULL, 'Svmtezq', 'KRAHOAYE', 'curbxquwct@otquhm.com', '+336033111161', 'M', 1287, 'ST SEBASTIEN P.P.C.');
INSERT INTO players VALUES (7219314, NULL, 'Jfpzbeq', 'NDCGUBRN', 'ikjcjdjazf@vctzdg.com', '+336904091479', 'M', 567, 'LE MANS SARTHE TENNIS DE TABLE');
INSERT INTO players VALUES (9311764, NULL, 'Feitzmx', 'ABJNNQES', 'jfwxtzrmij@wnspze.com', '+336983296275', 'F', 1287, 'BOURGETIN CTT');
INSERT INTO players VALUES (7225133, NULL, 'Jrwxank', 'TMVODEGI', 'smxplsounm@zowbff.com', '+336332339460', 'M', 747, 'LE MANS SARTHE TENNIS DE TABLE');
INSERT INTO players VALUES (7223032, NULL, 'Jbcpfil', 'MGUEIYAL', 'znexjwxgam@ksrbfm.com', '+336494616650', 'F', 1007, 'STE JAMME MAINE COEUR SARTHE TT');
INSERT INTO players VALUES (3731932, NULL, 'Pkmwtbu', 'UTEWEWLJ', 'jhfmchbres@ubimff.com', '+336386081866', 'M', 1148, '4S TOURS T.T.');
INSERT INTO players VALUES (9257964, NULL, 'Jvxvtft', 'KLUQGOIN', 'mqyootvooy@avcfce.com', '+336147247763', 'F', 892, 'NEUILLY AS ST PIERRE');
INSERT INTO players VALUES (7512693, NULL, 'Fnounei', 'KVAOZKEM', 'phrezhcarz@bekzgl.com', '+336722635818', 'M', 944, 'ECOUFLANT ASTTE');
INSERT INTO players VALUES (722370, NULL, 'Dpwsaob', 'ORHCWRNU', 'gzzduckcnh@kmgdxv.com', '+336769763133', 'F', 689, 'LE MANS SARTHE TENNIS DE TABLE');
INSERT INTO players VALUES (7223406, NULL, 'Lwpqdgm', 'XJWCHCBX', 'elwtgybdsr@niucyb.com', '+336466775400', 'F', 594, 'LE MANS SARTHE TENNIS DE TABLE');
INSERT INTO players VALUES (7224029, NULL, 'Kprfrtn', 'BNWQLJND', 'kxhqrjoicr@qbqtds.com', '+336192422551', 'M', 914, 'FOULLETOURTE T.T.');
INSERT INTO players VALUES (5324922, NULL, 'Bqmrrnb', 'YVJQEHBH', 'apqvqcaqke@whqifl.com', '+336893556423', 'M', 1731, 'ERNEENNE Sport Tennis de Table');
INSERT INTO players VALUES (5325321, NULL, 'Vgdfgfp', 'XMKREDVE', 'jjrflpaeij@aayxsn.com', '+336692763141', 'M', 1134, 'ERNEENNE Sport Tennis de Table');
INSERT INTO players VALUES (7216648, NULL, 'Tryuaxy', 'SKYEVEOJ', 'rvfxdonvhi@iymors.com', '+336200982659', 'M', 1640, 'LE MANS SARTHE TENNIS DE TABLE');
INSERT INTO players VALUES (9143724, NULL, 'Ymtuxdx', 'IYYSZFHY', 'wlhrffelvy@nodeec.com', '+336561184725', 'M', 1558, 'SQY PING');
INSERT INTO players VALUES (7218004, NULL, 'Rvcjokh', 'RDOTMKZT', 'pyskhzxbjh@brdqrs.com', '+336526600838', 'F', 1545, 'LE MANS SARTHE TENNIS DE TABLE');
INSERT INTO players VALUES (4531022, NULL, 'Rnrnwrf', 'SHWSAJRR', 'xvaiamtgmt@mudwpm.com', '+336762508515', 'M', 789, 'USM OLIVET TENNIS DE TABLE');
INSERT INTO players VALUES (4427928, NULL, 'Rxjpesb', 'TSZCAMNY', 'mnfcuhkeqp@dssrnd.com', '+336285480190', 'M', 1884, 'NANTES ST MEDARD DOULON');
INSERT INTO players VALUES (9241901, NULL, 'Vtrgrdc', 'ZBXLTMIV', 'sobsfewmas@mmzbwc.com', '+336535833023', 'M', 1475, 'BOIS COLOMBES SPORTS');
INSERT INTO players VALUES (723342, NULL, 'Ddadsun', 'HLEOPEPS', 'wkaayclasi@qsstaq.com', '+336812186886', 'F', 1293, 'VIBRAYE ASTT');
INSERT INTO players VALUES (725492, NULL, 'Nfoabmm', 'JSEJUKIW', 'pqexympbxa@kbowzj.com', '+336445253052', 'M', 1448, 'VIBRAYE ASTT');
INSERT INTO players VALUES (7220549, NULL, 'Nfsckvc', 'WXGTVSNJ', 'shrbpopfzy@ybvldj.com', '+336649797238', 'M', 1280, 'STE JAMME MAINE COEUR SARTHE TT');
INSERT INTO players VALUES (4519318, NULL, 'Ahderqo', 'XRBWSBOM', 'vrjreqonrc@urkgnu.com', '+336070975504', 'M', 1181, 'ARNAGE US');
INSERT INTO players VALUES (7224166, NULL, 'Dzuwzny', 'WMVAFWPR', 'bcpmvvloct@pfocow.com', '+336865807609', 'F', 752, 'LE MANS SARTHE TENNIS DE TABLE');
INSERT INTO players VALUES (9538603, NULL, 'Nqbqxen', 'KEJDXMLT', 'doilnqqmsv@scsqmc.com', '+336248154653', 'F', 808, 'PONTOISE CERGY A.S.');
INSERT INTO players VALUES (7214582, NULL, 'Xgjnjdo', 'JOUNKYRF', 'paybyimjqs@xpbepl.com', '+336142636429', 'F', 1534, 'STE JAMME MAINE COEUR SARTHE TT');
INSERT INTO players VALUES (9247952, NULL, 'Crdxzvs', 'QDUJVVUV', 'gwfrdatbma@rvronm.com', '+336668212878', 'M', 1342, 'BOIS COLOMBES SPORTS');
INSERT INTO players VALUES (7217573, NULL, 'Ncgxpcb', 'MTWJESWJ', 'mppmsabjzl@ufogmz.com', '+336755099505', 'M', 1417, 'LE MANS SARTHE TENNIS DE TABLE');
INSERT INTO players VALUES (7219491, NULL, 'Dlseves', 'ZCPCUWHT', 'wrkcfudavb@satwzw.com', '+336926115731', 'M', 1380, 'STE JAMME MAINE COEUR SARTHE TT');
INSERT INTO players VALUES (914291, NULL, 'Uekyzjw', 'HKIVBRUY', 'awjynwqhsn@hodwyi.com', '+336944792288', 'M', 1481, 'PUTEAUX TT CSM');
INSERT INTO players VALUES (7887928, NULL, 'Yzhotmf', 'LFFLKEOG', 'mjazslymxq@tyehux.com', '+336443570667', 'F', 778, 'CHESNAY 78 AS');
INSERT INTO players VALUES (5326543, NULL, 'Xirbuzc', 'ZVGLUQJD', 'rdfjdlhhen@fjucvs.com', '+336508925440', 'M', 1252, 'LAVAL Francs Archers');
INSERT INTO players VALUES (5327528, NULL, 'Tdsmphx', 'RXGMAHSP', 'vdhhbvzlby@xqfgmg.com', '+336034559647', 'F', 1199, 'MAYENNE Club Athletique');
INSERT INTO players VALUES (5327529, NULL, 'Kxhquwf', 'FJUDNNAU', 'dwnivlygup@uwgghn.com', '+336816201296', 'M', 641, 'MAYENNE Club Athletique');
INSERT INTO players VALUES (9410780, NULL, 'Wcqxsmw', 'JQEWNZVW', 'khmpqhyjpn@zepkno.com', '+336967801610', 'F', 1477, 'MONTPELLIER TT');
INSERT INTO players VALUES (4526611, NULL, 'Slurnsc', 'ZSBFQKYE', 'sxomgfcphf@yhgzlt.com', '+336992296491', 'F', 1737, 'USM OLIVET TENNIS DE TABLE');
INSERT INTO players VALUES (7884741, NULL, 'Idapzdn', 'JXJUZDZK', 'ncrruosdau@dqcbsz.com', '+336253796038', 'F', 1097, 'SQY PING');
INSERT INTO players VALUES (5327556, NULL, 'Sjrrakv', 'XJYPXGPT', 'cbfpdxoyiy@rotqxj.com', '+336138697079', 'F', 1538, 'LOUVERNE Tennis de Table');
INSERT INTO players VALUES (3731597, NULL, 'Setzuet', 'DJGBQNQJ', 'tdowcnlbiw@ddwqca.com', '+336668854144', 'F', 896, '4S TOURS T.T.');
INSERT INTO players VALUES (6021038, NULL, 'Mppjkny', 'FXAOPBGS', 'jtjpnnanvy@rhkjqm.com', '+336468308655', 'F', 1735, 'BERNEUIL-COMPIEGNE-LACRX OISE TT');
INSERT INTO players VALUES (4529052, NULL, 'Dkljvhu', 'PKKRLNXK', 'xxziedamdq@hxrvbo.com', '+336220372463', 'F', 815, 'ENTENTE BAULOISE TT');
INSERT INTO players VALUES (4529053, NULL, 'Vloaxdw', 'HMQXOUPK', 'yltdthipgg@siloqx.com', '+336850663471', 'F', 1047, 'ENTENTE BAULOISE TT');
INSERT INTO players VALUES (9240480, NULL, 'Afjqgbl', 'LHNENQRZ', 'evfbymvwwa@xvildx.com', '+336303268786', 'M', 751, 'NEUILLY AS ST PIERRE');
INSERT INTO players VALUES (4111546, NULL, 'Fupjmxe', 'XOLGFTAN', 'dcjntarrkl@fgkstv.com', '+336128976817', 'F', 1305, 'LE MANS SARTHE TENNIS DE TABLE');
INSERT INTO players VALUES (1420954, NULL, 'Smbhrdm', 'KIGTDPBH', 'stbznywcnu@orabso.com', '+336318836582', 'F', 1019, 'CABOURG TT');
INSERT INTO players VALUES (7225209, NULL, 'Ffynskx', 'ZRQQHQZO', 'vhwnlxajeu@itijyh.com', '+336419527912', 'M', 546, 'LE MANS SARTHE TENNIS DE TABLE');
INSERT INTO players VALUES (7221275, NULL, 'Ouizpjb', 'UFBUDADJ', 'loengayius@pzidww.com', '+336269911214', 'M', 1249, 'LE MANS SARTHE TENNIS DE TABLE');
INSERT INTO players VALUES (3524722, NULL, 'Vrmlkeq', 'IZUXFTOH', 'dlohmlirsf@azfwaq.com', '+336587705971', 'F', 1442, 'ELAN NEVERS');
INSERT INTO players VALUES (9242977, NULL, 'Plnuddy', 'UYJXNEHX', 'pdqexvshpj@tjemke.com', '+336771439111', 'F', 500, 'COURBEVOIE SPORT TENNIS DE TABLE');
INSERT INTO players VALUES (9252435, NULL, 'Wawompr', 'AQKXKNBC', 'mfzzxxiufr@bgfizq.com', '+336725193582', 'M', 835, 'US TALENCE');
INSERT INTO players VALUES (1425307, NULL, 'Ofdqljo', 'HTYGMBON', 'vmrjsektjk@gwvtsi.com', '+336582395729', 'M', 1891, 'ENTENTE SAINT PIERRAISE TT');
INSERT INTO players VALUES (7213526, NULL, 'Fkwcbvs', 'TYLANABF', 'eixivpskia@sdzloz.com', '+336291515263', 'M', 1106, 'LE MANS VILLARET TT');
INSERT INTO players VALUES (6021265, NULL, 'Pbygbwz', 'SDUBHFJL', 'dktzxyftsz@yivyze.com', '+336533634748', 'M', 1547, 'SENLIS TT');
INSERT INTO players VALUES (9256721, NULL, 'Somkvbh', 'WNYZPAWB', 'xbpkkfxvkz@jipqxc.com', '+336078499112', 'M', 581, 'NANTERRE ES');
INSERT INTO players VALUES (7221748, NULL, 'Zuwfjbt', 'OHDPGLCA', 'xsfatrcspx@jchyex.com', '+336407961898', 'F', 901, 'LE MANS SARTHE TENNIS DE TABLE');
INSERT INTO players VALUES (7731399, NULL, 'Vwbpnbj', 'QOFQIKPF', 'mzpolhdjgi@xiwbrp.com', '+336962769215', 'F', 1534, 'COMBS SENART TT');
INSERT INTO players VALUES (4530898, NULL, 'Jcvuvma', 'KIKBKBWS', 'hlwblcrhkh@ujvwuu.com', '+336023925042', 'M', 593, 'USM OLIVET TENNIS DE TABLE');
INSERT INTO players VALUES (4935234, NULL, 'Rlmtngk', 'SFXIDHEQ', 'khfkmgoeva@sgqfvf.com', '+336263574439', 'M', 1146, 'BELLEVIGNE LES CHTX TT');
INSERT INTO players VALUES (608834, NULL, 'Nxovesf', 'GZLDPNEH', 'wihnpztoim@tjbnck.com', '+336044431914', 'F', 1721, 'U S ETREPAGNY T T');
INSERT INTO players VALUES (5324871, NULL, 'Vmsyssn', 'XYQPAZJE', 'pymofsiaou@leslrw.com', '+336931684226', 'F', 1437, 'LAVAL Francs Archers');
INSERT INTO players VALUES (4435747, NULL, 'Rlxsvlw', 'GRGHDXPJ', 'kuanzpxqrf@rzlbfw.com', '+336634646740', 'F', 1255, 'PING PARIS 14');
INSERT INTO players VALUES (7222110, NULL, 'Vcxlodo', 'ZTXRBGQA', 'rsjcrasoqq@dkbvrm.com', '+336812642957', 'F', 1571, 'LE MANS SARTHE TENNIS DE TABLE');
INSERT INTO players VALUES (5328211, NULL, 'Asgxwby', 'GXSSGFRM', 'lzbpcbkwvm@jmcekh.com', '+336910539746', 'F', 697, 'St BERTHEVIN/St LOUP-53 US');
INSERT INTO players VALUES (5615415, NULL, 'Xyvmplw', 'ZYWMLBWF', 'pkeqydrmzv@rsnlsf.com', '+336041306040', 'F', 1901, 'GARDE DU VOEU HENNEBONT');
INSERT INTO players VALUES (3712439, NULL, 'Lzlehsi', 'RWNDBZOB', 'ruaqefvebc@ghibrk.com', '+336708970870', 'M', 1206, 'MONTPELLIER TT');
INSERT INTO players VALUES (4939159, NULL, 'Wxomglg', 'SCEZCCRO', 'fahfwikpxu@thornf.com', '+336175019437', 'M', 1231, 'LES LOUPS D ANGERS TT');
INSERT INTO players VALUES (2814398, NULL, 'Xjilsfw', 'EFPBJJIW', 'tpuvvkpdtd@emnvnl.com', '+336999559490', 'M', 1149, 'STE JAMME MAINE COEUR SARTHE TT');
INSERT INTO players VALUES (4529851, NULL, 'Lmdylcs', 'GPDVOUUX', 'fikgsdqksy@wiiakd.com', '+336562509807', 'M', 1122, 'PING ST JEAN 45');
INSERT INTO players VALUES (4527511, NULL, 'Cbuqcju', 'HQGWRHAQ', 'shpchyaacs@prxjux.com', '+336830909893', 'M', 1388, 'USM OLIVET TENNIS DE TABLE');
INSERT INTO players VALUES (4532589, NULL, 'Ateabor', 'ZCNDZZBY', 'qfauucegro@uaqszi.com', '+336266069622', 'F', 966, 'UNITE SPORTIVE FERTESIENNE');
INSERT INTO players VALUES (5324235, NULL, 'Iilndcx', 'PDXFFTEP', 'jswpzmxreu@tdxzxg.com', '+336688933730', 'F', 1345, 'LAVAL Francs Archers');
INSERT INTO players VALUES (9321828, NULL, 'Qmvxyde', 'UMOABWZF', 'fivzcoupkw@hucopb.com', '+336808987945', 'F', 857, 'NEUILLY SUR MARNE TT');
INSERT INTO players VALUES (4530477, NULL, 'Lkkecep', 'YUIIAHZZ', 'bqnwhuwigo@ercnpc.com', '+336995954810', 'F', 862, 'USM OLIVET TENNIS DE TABLE');
INSERT INTO players VALUES (7222777, NULL, 'Undraoi', 'WQQWXIHE', 'zntootbghr@oppvor.com', '+336149895660', 'M', 611, 'LE MANS SARTHE TENNIS DE TABLE');
INSERT INTO players VALUES (9321954, NULL, 'Pciqcbp', 'CKXPFJSK', 'nidqirxind@vbnkqz.com', '+336224511754', 'F', 714, 'NEUILLY SUR MARNE TT');
INSERT INTO players VALUES (5327437, NULL, 'Riytqzj', 'LTIBYLOB', 'rbwyqbncay@sjrvur.com', '+336259932590', 'M', 900, 'LAVAL Francs Archers');
INSERT INTO players VALUES (3727799, NULL, 'Yniwnik', 'HFONBSGQ', 'pjscwhfuzh@kvdtlp.com', '+336344090490', 'M', 1208, 'T.T. JOUE-LES-TOURS');
INSERT INTO players VALUES (7210055, NULL, 'Tzqzopl', 'ANNWHKEX', 'bggkrhcwdn@bwxwhc.com', '+336161678371', 'M', 1177, 'STE JAMME MAINE COEUR SARTHE TT');
INSERT INTO players VALUES (7214813, NULL, 'Iwvfesh', 'UFVSFPBZ', 'tzdmwpxrzi@sycfhr.com', '+336568714075', 'M', 796, 'STE JAMME MAINE COEUR SARTHE TT');
INSERT INTO players VALUES (7219370, NULL, 'Qqunjol', 'CHYTWBCJ', 'ridjfnxjge@vdoxwg.com', '+336177732321', 'F', 1103, 'LE MANS SARTHE TENNIS DE TABLE');
INSERT INTO players VALUES (5325044, NULL, 'Sfgjzxh', 'MYKISYYT', 'vrntoknmam@ekdnia.com', '+336470840237', 'M', 1719, 'LAVAL Francs Archers');
INSERT INTO players VALUES (5326002, NULL, 'Hoyhjni', 'JTFLCUZD', 'zvsbcnurlb@ieppes.com', '+336368307553', 'M', 1364, 'ERNEENNE Sport Tennis de Table');
INSERT INTO players VALUES (9322263, NULL, 'Jabbdph', 'TWMHXBNG', 'vbgahyvvhv@xoyhkd.com', '+336835858696', 'F', 551, 'NEUILLY SUR MARNE TT');
INSERT INTO players VALUES (798720, NULL, 'Ceqfgaw', 'WYQYCMUJ', 'ihhexfqvpw@cfoaiz.com', '+336065273222', 'M', 1958, 'LE MANS SARTHE TENNIS DE TABLE');
INSERT INTO players VALUES (9256846, NULL, 'Mglcxgy', 'HPHCTKSA', 'ylnkreypoe@ypxsnq.com', '+336952443602', 'M', 864, 'NEUILLY AS ST PIERRE');
INSERT INTO players VALUES (7218763, NULL, 'Bwgxvwo', 'IGFCMUVU', 'vcdtprgcqf@kugtbo.com', '+336239689879', 'M', 831, 'TELOCHE TT');
INSERT INTO players VALUES (5328103, NULL, 'Fzcwkvi', 'MHVMKTGE', 'dquvisycls@enoswz.com', '+336944779212', 'M', 702, 'EVRON Alerte');
INSERT INTO players VALUES (4526124, NULL, 'Wihelbl', 'EZWLKRWE', 'nvzhltrsqr@mochsf.com', '+336919756238', 'F', 1149, 'USM OLIVET TENNIS DE TABLE');
INSERT INTO players VALUES (5326610, NULL, 'Rkydyww', 'EBWSLVVF', 'hjrewtbpqb@oiltbe.com', '+336486433387', 'M', 870, 'EVRON Alerte');
INSERT INTO players VALUES (3537537, NULL, 'Ckndgda', 'GTHLUKDT', 'aohfmbqlhx@qzlpvz.com', '+336443926556', 'F', 2008, 'THORIGNE-FOUILLARD T.T.');
INSERT INTO players VALUES (7219456, NULL, 'Heedtgo', 'XAWMYYIV', 'keabhpgzam@ojpnkq.com', '+336797617186', 'M', 1485, 'LE MANS SARTHE TENNIS DE TABLE');
INSERT INTO players VALUES (7874062, NULL, 'Ryjaksl', 'EIDMBYJU', 'peitzfzppg@zijjcf.com', '+336679978940', 'F', 1251, 'SQY PING');
INSERT INTO players VALUES (9323439, NULL, 'Utoldnu', 'AXFKRLVQ', 'khaktvxtom@kydous.com', '+336601695855', 'M', 523, 'NEUILLY SUR MARNE TT');
INSERT INTO players VALUES (5325867, NULL, 'Jcitnaq', 'POHKBTWO', 'dgltiigtmx@ohevdd.com', '+336833044815', 'M', 1662, 'LAVAL Francs Archers');
INSERT INTO players VALUES (4528713, NULL, 'Ojvykeh', 'RGRKXRWC', 'rgshdhpkxs@rrarmr.com', '+336604391689', 'F', 894, 'PING ST JEAN 45');
INSERT INTO players VALUES (9324241, NULL, 'Tfazdyj', 'SGMSTESX', 'dwfzrwxmxx@vbblsa.com', '+336605622040', 'F', 523, 'NEUILLY SUR MARNE TT');
INSERT INTO players VALUES (4422906, NULL, 'Mzxyyfw', 'ITMZMIPM', 'sxeltzeokc@jrdstd.com', '+336072282639', 'F', 1310, 'PUTEAUX TT CSM');
INSERT INTO players VALUES (3525635, NULL, 'Zjqyzbh', 'YCCFVLGS', 'rtqroxtstk@dapjfx.com', '+336255082716', 'F', 1307, 'BETTONNAIS C.S.');
INSERT INTO players VALUES (5327901, NULL, 'Kikieai', 'ZCZCIDKF', 'fvmfhbjdxw@ztdbze.com', '+336051682958', 'M', 1329, 'CHANGE Union Sportive');
INSERT INTO players VALUES (4530487, NULL, 'Sihbnjt', 'YAKWORSX', 'iyztbeprhf@eyqtpq.com', '+336643054425', 'M', 779, 'ENTENTE BAULOISE TT');
INSERT INTO players VALUES (9321971, NULL, 'Anijrsu', 'CEAOHUQH', 'cyekvgzovz@ncznxe.com', '+336040224620', 'F', 897, 'NEUILLY SUR MARNE TT');
INSERT INTO players VALUES (4529838, NULL, 'Nrskcul', 'PUIVRWGZ', 'jwkzcqanwk@havmmy.com', '+336009040012', 'F', 1399, 'PING ST JEAN 45');
INSERT INTO players VALUES (4455748, NULL, 'Jxdcddh', 'MMBRHYHD', 'mqturqcdtv@tdxrsr.com', '+336113840164', 'F', 1501, 'ST SEBASTIEN P.P.C.');
INSERT INTO players VALUES (9532616, NULL, 'Mfrtcmq', 'OYHKWBKK', 'voebltvwne@gjrmtu.com', '+336380050600', 'M', 2167, 'BOULOGNE BILLANCOURT AC');
INSERT INTO players VALUES (5325506, NULL, 'Cneeuks', 'GTSEZQSB', 'cyzummlkip@lswdsr.com', '+336322657219', 'M', 1629, 'LAVAL Francs Archers');
INSERT INTO players VALUES (7218408, NULL, 'Uskxqyw', 'NUIGCUPU', 'fanzukdpmu@vbrixi.com', '+336686260497', 'F', 772, 'LE MANS SARTHE TENNIS DE TABLE');
INSERT INTO players VALUES (9239990, NULL, 'Cjkelmq', 'RIOEILJS', 'ujoipiunnb@wfutsm.com', '+336685487053', 'F', 719, 'PUTEAUX TT CSM');
INSERT INTO players VALUES (9457149, NULL, 'Bauwhoz', 'ORLJZXXM', 'qxygcpmjio@lctozj.com', '+336472086583', 'M', 1729, 'FONTENAYSIENNE Union Sportive TT');
INSERT INTO players VALUES (4529894, NULL, 'Hinshno', 'FTXMWDKH', 'selhyngwrv@kmzpzt.com', '+336345281862', 'M', 672, 'USM OLIVET TENNIS DE TABLE');
INSERT INTO players VALUES (4462320, NULL, 'Gccpljr', 'QLLISRFJ', 'tstttdzpnp@kzxiva.com', '+336776307966', 'M', 1016, 'ORVAULT SPORT TENNIS DE TABLE');
INSERT INTO players VALUES (7221154, NULL, 'Buqjuvk', 'LNGPQTTV', 'ivsiphdoxr@zwdzel.com', '+336674877385', 'M', 1568, 'LA CHAPELLE ALTT');
INSERT INTO players VALUES (5318378, NULL, 'Ukuhjun', 'UYPLUGVM', 'hosxyfrfqv@fexhyw.com', '+336137104939', 'M', 1861, 'LE MANS SARTHE TENNIS DE TABLE');
INSERT INTO players VALUES (4527177, NULL, 'Qwtzwab', 'FWDUITLF', 'aakoixennq@prhdlh.com', '+336836299148', 'M', 1312, 'USM OLIVET TENNIS DE TABLE');
INSERT INTO players VALUES (7527624, NULL, 'Coslgfy', 'AVDGJPLA', 'toetsubixz@kzsvzr.com', '+336183591785', 'F', 1513, 'BOURGETIN CTT');
INSERT INTO players VALUES (7216475, NULL, 'Tqqbsbs', 'ROCRJSIT', 'iqjaqamoyn@wclipp.com', '+336521341951', 'F', 500, 'LE MANS SARTHE TENNIS DE TABLE');
INSERT INTO players VALUES (7221254, NULL, 'Swugngg', 'ABGYHZKT', 'xdeqdcvbge@xrgldk.com', '+336445887541', 'M', 1548, 'LE MANS SARTHE TENNIS DE TABLE');
INSERT INTO players VALUES (9221871, NULL, 'Mdshrvm', 'DKPBAPUD', 'htpniyhmeh@xamzcn.com', '+336563560122', 'M', 1156, 'LE MANS SARTHE TENNIS DE TABLE');
INSERT INTO players VALUES (4527982, NULL, 'Cuxczcn', 'VOEZXKKO', 'jizavkxdwj@swpepe.com', '+336638455084', 'F', 735, 'USM OLIVET TENNIS DE TABLE');
INSERT INTO players VALUES (7216286, NULL, 'Isrdtci', 'CEBCEPDJ', 'dyxaalltlw@shsfbg.com', '+336503390520', 'M', 843, 'MONTPELLIER TT');
INSERT INTO players VALUES (7217048, NULL, 'Heynynb', 'VAVIRLYZ', 'ixvtlbckpj@sfqcxs.com', '+336370778197', 'F', 1286, 'ARNAGE US');
INSERT INTO players VALUES (9426636, NULL, 'Lwpevui', 'TJNYYBJE', 'itugcpmcrv@yntnnl.com', '+336400475384', 'M', 943, 'NEUILLY AS ST PIERRE', 1);
INSERT INTO players VALUES (7225053, NULL, 'Jvwbhav', 'TYXWOMYI', 'pjpbbgxadd@svbkrb.com', '+336406303705', 'M', 675, 'LE MANS SARTHE TENNIS DE TABLE');
INSERT INTO players VALUES (9245676, NULL, 'Aebbptj', 'MYUORACV', 'mbqokjhkwu@tynuup.com', '+336672808099', 'F', 880, 'NEUILLY AS ST PIERRE');
INSERT INTO players VALUES (3726270, NULL, 'Qrrumyh', 'LJLWWGLT', 'ypciqfxuup@kbrwjl.com', '+336180454164', 'F', 1422, 'LE MANS SARTHE TENNIS DE TABLE');
INSERT INTO players VALUES (3727700, NULL, 'Annbusg', 'LEOJUHVP', 'fijyldzvtz@ngqydn.com', '+336276333958', 'M', 1265, 'LE MANS SARTHE TENNIS DE TABLE');
INSERT INTO players VALUES (7525173, NULL, 'Ndjsguu', 'BZFLMGIC', 'mnkoraryvy@uxttrw.com', '+336993578146', 'M', 808, 'RUEIL ATHLETIC CLUB TT');
INSERT INTO players VALUES (61624, NULL, 'Gwwuovx', 'VWCFOURA', 'ucfxsdwfih@jjoznm.com', '+336774464286', 'M', 1627, 'AUBE/CRULAI/L AIGLE TT');
INSERT INTO players VALUES (9137160, NULL, 'Kzkkrxh', 'DDWMMBQS', 'cbhugdhjpl@rwzfxs.com', '+336014602526', 'M', 1151, 'CHARENTON TENNIS DE TABLE');

INSERT INTO entries(category_id, color, licence_no, registration_time, marked_as_paid, marked_as_present) VALUES ('B', '#000000', 4111546, '2023-10-10T10:7:53', FALSE, FALSE);
INSERT INTO entries(category_id, color, licence_no, registration_time, marked_as_paid, marked_as_present) VALUES ('B', '#000000', 723342, '2023-10-10T15:55:58', TRUE, FALSE);
INSERT INTO entries(category_id, color, licence_no, registration_time, marked_as_paid, marked_as_present) VALUES ('G', NULL, 3712439, '2023-10-10T22:56:39', FALSE, FALSE);
INSERT INTO entries(category_id, color, licence_no, registration_time, marked_as_paid, marked_as_present) VALUES ('2', '#0000FF', 4532589, '2023-10-11T13:56:9', FALSE, FALSE);
INSERT INTO entries(category_id, color, licence_no, registration_time, marked_as_paid, marked_as_present) VALUES ('G', NULL, 9247952, '2023-10-11T19:3:16', FALSE, FALSE);
INSERT INTO entries(category_id, color, licence_no, registration_time, marked_as_paid, marked_as_present) VALUES ('3', '#FFFF00', 7218004, '2023-10-12T14:14:36', TRUE, FALSE);
INSERT INTO entries(category_id, color, licence_no, registration_time, marked_as_paid, marked_as_present) VALUES ('E', '#FF0000', 5318378, '2023-10-13T6:4:33', TRUE, FALSE);
INSERT INTO entries(category_id, color, licence_no, registration_time, marked_as_paid, marked_as_present) VALUES ('C', '#00FF00', 5327901, '2023-10-13T8:5:43', TRUE, FALSE);
INSERT INTO entries(category_id, color, licence_no, registration_time, marked_as_paid, marked_as_present) VALUES ('A', '#000000', 7216475, '2023-10-13T9:25:22', FALSE, FALSE);
INSERT INTO entries(category_id, color, licence_no, registration_time, marked_as_paid, marked_as_present) VALUES ('2', '#0000FF', 1420954, '2023-10-14T10:17:16', FALSE, FALSE);
INSERT INTO entries(category_id, color, licence_no, registration_time, marked_as_paid, marked_as_present) VALUES ('A', '#000000', 5328103, '2023-10-14T8:18:39', FALSE, FALSE);
INSERT INTO entries(category_id, color, licence_no, registration_time, marked_as_paid, marked_as_present) VALUES ('G', NULL, 9410780, '2023-10-15T19:55:34', TRUE, FALSE);
INSERT INTO entries(category_id, color, licence_no, registration_time, marked_as_paid, marked_as_present) VALUES ('2', '#0000FF', 4111546, '2023-10-16T13:49:7', TRUE, FALSE);
INSERT INTO entries(category_id, color, licence_no, registration_time, marked_as_paid, marked_as_present) VALUES ('7', '#00FFFF', 7223406, '2023-10-16T16:55:43', TRUE, FALSE);
INSERT INTO entries(category_id, color, licence_no, registration_time, marked_as_paid, marked_as_present) VALUES ('4', '#FFFF00', 7221748, '2023-10-17T4:41:36', FALSE, FALSE);
INSERT INTO entries(category_id, color, licence_no, registration_time, marked_as_paid, marked_as_present) VALUES ('F', '#FF0000', 9321828, '2023-10-18T11:39:45', TRUE, FALSE);
INSERT INTO entries(category_id, color, licence_no, registration_time, marked_as_paid, marked_as_present) VALUES ('A', '#000000', 5328211, '2023-10-18T18:36:11', FALSE, FALSE);
INSERT INTO entries(category_id, color, licence_no, registration_time, marked_as_paid, marked_as_present) VALUES ('D', '#00FF00', 9256721, '2023-10-18T18:9:53', TRUE, FALSE);
INSERT INTO entries(category_id, color, licence_no, registration_time, marked_as_paid, marked_as_present) VALUES ('F', '#FF0000', 9242977, '2023-10-19T22:52:11', FALSE, FALSE);
INSERT INTO entries(category_id, color, licence_no, registration_time, marked_as_paid, marked_as_present) VALUES ('E', '#FF0000', 7214582, '2023-10-19T2:9:26', FALSE, FALSE);
INSERT INTO entries(category_id, color, licence_no, registration_time, marked_as_paid, marked_as_present) VALUES ('B', '#000000', 9311764, '2023-10-19T6:24:53', TRUE, FALSE);
INSERT INTO entries(category_id, color, licence_no, registration_time, marked_as_paid, marked_as_present) VALUES ('F', '#FF0000', 7223032, '2023-10-19T6:57:42', TRUE, FALSE);
INSERT INTO entries(category_id, color, licence_no, registration_time, marked_as_paid, marked_as_present) VALUES ('1', '#0000FF', 7219491, '2023-10-19T8:24:52', FALSE, FALSE);
INSERT INTO entries(category_id, color, licence_no, registration_time, marked_as_paid, marked_as_present) VALUES ('E', '#FF0000', 9457149, '2023-10-20T13:21:31', TRUE, FALSE);
INSERT INTO entries(category_id, color, licence_no, registration_time, marked_as_paid, marked_as_present) VALUES ('1', '#0000FF', 4939159, '2023-10-21T12:27:28', TRUE, FALSE);
INSERT INTO entries(category_id, color, licence_no, registration_time, marked_as_paid, marked_as_present) VALUES ('6', '#00FFFF', 4532589, '2023-10-22T13:13:20', TRUE, FALSE);
INSERT INTO entries(category_id, color, licence_no, registration_time, marked_as_paid, marked_as_present) VALUES ('F', '#FF0000', 7886249, '2023-10-22T21:56:22', FALSE, FALSE);
INSERT INTO entries(category_id, color, licence_no, registration_time, marked_as_paid, marked_as_present) VALUES ('A', '#000000', 4529894, '2023-10-24T20:50:4', FALSE, FALSE);
INSERT INTO entries(category_id, color, licence_no, registration_time, marked_as_paid, marked_as_present) VALUES ('B', '#000000', 7884741, '2023-10-25T20:19:13', FALSE, FALSE);
INSERT INTO entries(category_id, color, licence_no, registration_time, marked_as_paid, marked_as_present) VALUES ('B', '#000000', 3727700, '2023-10-26T2:37:48', TRUE, FALSE);
INSERT INTO entries(category_id, color, licence_no, registration_time, marked_as_paid, marked_as_present) VALUES ('A', '#000000', 7225053, '2023-10-27T1:21:50', TRUE, FALSE);
INSERT INTO entries(category_id, color, licence_no, registration_time, marked_as_paid, marked_as_present) VALUES ('B', '#000000', 5324871, '2023-10-27T3:0:48', FALSE, FALSE);
INSERT INTO entries(category_id, color, licence_no, registration_time, marked_as_paid, marked_as_present) VALUES ('G', NULL, 4939159, '2023-10-28T5:5:3', FALSE, FALSE);
INSERT INTO entries(category_id, color, licence_no, registration_time, marked_as_paid, marked_as_present) VALUES ('2', '#0000FF', 9256846, '2023-10-29T22:57:29', TRUE, FALSE);
INSERT INTO entries(category_id, color, licence_no, registration_time, marked_as_paid, marked_as_present) VALUES ('A', '#000000', 7222777, '2023-10-29T2:50:25', TRUE, FALSE);
INSERT INTO entries(category_id, color, licence_no, registration_time, marked_as_paid, marked_as_present) VALUES ('G', NULL, 5325867, '2023-10-2T22:31:13', TRUE, FALSE);
INSERT INTO entries(category_id, color, licence_no, registration_time, marked_as_paid, marked_as_present) VALUES ('1', '#0000FF', 7222110, '2023-10-2T2:41:34', TRUE, FALSE);
INSERT INTO entries(category_id, color, licence_no, registration_time, marked_as_paid, marked_as_present) VALUES ('F', '#FF0000', 5327437, '2023-10-30T7:59:29', FALSE, FALSE);
INSERT INTO entries(category_id, color, licence_no, registration_time, marked_as_paid, marked_as_present) VALUES ('G', NULL, 7216648, '2023-10-3T12:12:18', TRUE, FALSE);
INSERT INTO entries(category_id, color, licence_no, registration_time, marked_as_paid, marked_as_present) VALUES ('D', '#00FF00', 7223032, '2023-10-3T23:49:51', FALSE, FALSE);
INSERT INTO entries(category_id, color, licence_no, registration_time, marked_as_paid, marked_as_present) VALUES ('G', NULL, 9311764, '2023-10-4T0:10:29', FALSE, FALSE);
INSERT INTO entries(category_id, color, licence_no, registration_time, marked_as_paid, marked_as_present) VALUES ('6', '#00FFFF', 7210055, '2023-10-4T20:5:12', FALSE, FALSE);
INSERT INTO entries(category_id, color, licence_no, registration_time, marked_as_paid, marked_as_present) VALUES ('1', '#0000FF', 4455748, '2023-10-5T0:37:8', TRUE, FALSE);
INSERT INTO entries(category_id, color, licence_no, registration_time, marked_as_paid, marked_as_present) VALUES ('C', '#00FF00', 9536504, '2023-10-5T17:19:56', FALSE, FALSE);
INSERT INTO entries(category_id, color, licence_no, registration_time, marked_as_paid, marked_as_present) VALUES ('A', '#000000', 7223406, '2023-10-7T19:57:38', FALSE, FALSE);
INSERT INTO entries(category_id, color, licence_no, registration_time, marked_as_paid, marked_as_present) VALUES ('B', '#000000', 3714960, '2023-10-7T3:27:15', FALSE, FALSE);
INSERT INTO entries(category_id, color, licence_no, registration_time, marked_as_paid, marked_as_present) VALUES ('D', '#00FF00', 7224029, '2023-10-7T9:35:53', TRUE, FALSE);
INSERT INTO entries(category_id, color, licence_no, registration_time, marked_as_paid, marked_as_present) VALUES ('1', '#0000FF', 9410780, '2023-10-9T5:51:46', TRUE, FALSE);
INSERT INTO entries(category_id, color, licence_no, registration_time, marked_as_paid, marked_as_present) VALUES ('G', NULL, 9536504, '2023-11-11T0:10:20', FALSE, FALSE);
INSERT INTO entries(category_id, color, licence_no, registration_time, marked_as_paid, marked_as_present) VALUES ('2', '#0000FF', 3712439, '2023-11-11T23:21:38', TRUE, FALSE);
INSERT INTO entries(category_id, color, licence_no, registration_time, marked_as_paid, marked_as_present) VALUES ('F', '#FF0000', 4935234, '2023-11-11T3:50:34', TRUE, FALSE);
INSERT INTO entries(category_id, color, licence_no, registration_time, marked_as_paid, marked_as_present) VALUES ('B', '#000000', 9145837, '2023-11-12T5:49:35', FALSE, FALSE);
INSERT INTO entries(category_id, color, licence_no, registration_time, marked_as_paid, marked_as_present) VALUES ('A', '#000000', 4527982, '2023-11-13T8:18:9', FALSE, FALSE);
INSERT INTO entries(category_id, color, licence_no, registration_time, marked_as_paid, marked_as_present) VALUES ('4', '#FFFF00', 7512693, '2023-11-14T16:36:10', TRUE, FALSE);
INSERT INTO entries(category_id, color, licence_no, registration_time, marked_as_paid, marked_as_present) VALUES ('G', NULL, 7222110, '2023-11-14T21:15:8', FALSE, FALSE);
INSERT INTO entries(category_id, color, licence_no, registration_time, marked_as_paid, marked_as_present) VALUES ('D', '#00FF00', 9323439, '2023-11-15T19:13:49', FALSE, FALSE);
INSERT INTO entries(category_id, color, licence_no, registration_time, marked_as_paid, marked_as_present) VALUES ('G', NULL, 5326002, '2023-11-16T12:30:4', TRUE, FALSE);
INSERT INTO entries(category_id, color, licence_no, registration_time, marked_as_paid, marked_as_present) VALUES ('D', '#00FF00', 9321971, '2023-11-17T11:8:16', FALSE, FALSE);
INSERT INTO entries(category_id, color, licence_no, registration_time, marked_as_paid, marked_as_present) VALUES ('B', '#000000', 4526124, '2023-11-17T18:1:20', FALSE, FALSE);
INSERT INTO entries(category_id, color, licence_no, registration_time, marked_as_paid, marked_as_present) VALUES ('E', '#FF0000', 3537537, '2023-11-18T2:15:51', FALSE, FALSE);
INSERT INTO entries(category_id, color, licence_no, registration_time, marked_as_paid, marked_as_present) VALUES ('G', NULL, 4526611, '2023-11-22T7:55:10', FALSE, FALSE);
INSERT INTO entries(category_id, color, licence_no, registration_time, marked_as_paid, marked_as_present) VALUES ('6', '#00FFFF', 1420954, '2023-11-24T5:36:23', TRUE, TRUE);
INSERT INTO entries(category_id, color, licence_no, registration_time, marked_as_paid, marked_as_present) VALUES ('E', '#FF0000', 5325867, '2023-11-24T5:6:8', FALSE, FALSE);
INSERT INTO entries(category_id, color, licence_no, registration_time, marked_as_paid, marked_as_present) VALUES ('F', '#FF0000', 4526124, '2023-11-25T21:56:50', FALSE, FALSE);
INSERT INTO entries(category_id, color, licence_no, registration_time, marked_as_paid, marked_as_present) VALUES ('B', '#000000', 7219370, '2023-11-26T14:56:45', FALSE, FALSE);
INSERT INTO entries(category_id, color, licence_no, registration_time, marked_as_paid, marked_as_present) VALUES ('F', '#FF0000', 4530477, '2023-11-26T2:47:48', FALSE, FALSE);
INSERT INTO entries(category_id, color, licence_no, registration_time, marked_as_paid, marked_as_present) VALUES ('3', '#FFFF00', 7217573, '2023-11-28T12:39:56', TRUE, FALSE);
INSERT INTO entries(category_id, color, licence_no, registration_time, marked_as_paid, marked_as_present) VALUES ('4', '#FFFF00', 7222777, '2023-11-28T12:51:15', FALSE, FALSE);
INSERT INTO entries(category_id, color, licence_no, registration_time, marked_as_paid, marked_as_present) VALUES ('3', '#FFFF00', 4455748, '2023-11-29T13:53:22', TRUE, FALSE);
INSERT INTO entries(category_id, color, licence_no, registration_time, marked_as_paid, marked_as_present) VALUES ('E', '#FF0000', 608834, '2023-11-2T18:50:24', FALSE, TRUE);
INSERT INTO entries(category_id, color, licence_no, registration_time, marked_as_paid, marked_as_present) VALUES ('D', '#00FF00', 7218763, '2023-11-2T7:55:11', FALSE, FALSE);
INSERT INTO entries(category_id, color, licence_no, registration_time, marked_as_paid, marked_as_present) VALUES ('G', NULL, 7214582, '2023-11-30T5:7:51', TRUE, FALSE);
INSERT INTO entries(category_id, color, licence_no, registration_time, marked_as_paid, marked_as_present) VALUES ('C', '#00FF00', 1425307, '2023-11-3T13:45:46', FALSE, FALSE);
INSERT INTO entries(category_id, color, licence_no, registration_time, marked_as_paid, marked_as_present) VALUES ('E', '#FF0000', 5325044, '2023-11-3T15:13:20', TRUE, FALSE);
INSERT INTO entries(category_id, color, licence_no, registration_time, marked_as_paid, marked_as_present) VALUES ('E', '#FF0000', 5325506, '2023-11-3T16:24:48', FALSE, FALSE);
INSERT INTO entries(category_id, color, licence_no, registration_time, marked_as_paid, marked_as_present) VALUES ('2', '#0000FF', 9257964, '2023-11-5T19:18:58', FALSE, FALSE);
INSERT INTO entries(category_id, color, licence_no, registration_time, marked_as_paid, marked_as_present) VALUES ('1', '#0000FF', 4435747, '2023-11-5T1:47:37', FALSE, FALSE);
INSERT INTO entries(category_id, color, licence_no, registration_time, marked_as_paid, marked_as_present) VALUES ('A', '#000000', 4530487, '2023-11-5T5:11:56', FALSE, FALSE);
INSERT INTO entries(category_id, color, licence_no, registration_time, marked_as_paid, marked_as_present) VALUES ('D', '#00FF00', 9242977, '2023-11-6T19:26:45', TRUE, FALSE);
INSERT INTO entries(category_id, color, licence_no, registration_time, marked_as_paid, marked_as_present) VALUES ('B', '#000000', 5327901, '2023-11-7T16:12:51', FALSE, FALSE);
INSERT INTO entries(category_id, color, licence_no, registration_time, marked_as_paid, marked_as_present) VALUES ('E', '#FF0000', 1425307, '2023-11-7T6:44:6', FALSE, FALSE);
INSERT INTO entries(category_id, color, licence_no, registration_time, marked_as_paid, marked_as_present) VALUES ('1', '#0000FF', 9241901, '2023-11-8T22:3:59', FALSE, FALSE);
INSERT INTO entries(category_id, color, licence_no, registration_time, marked_as_paid, marked_as_present) VALUES ('5', NULL, 4111546, '2023-11-8T2:0:30', TRUE, FALSE);
INSERT INTO entries(category_id, color, licence_no, registration_time, marked_as_paid, marked_as_present) VALUES ('2', '#0000FF', 3727700, '2023-3-10T17:1:24', TRUE, FALSE);
INSERT INTO entries(category_id, color, licence_no, registration_time, marked_as_paid, marked_as_present) VALUES ('3', '#FFFF00', 61624, '2023-3-11T17:39:27', FALSE, FALSE);
INSERT INTO entries(category_id, color, licence_no, registration_time, marked_as_paid, marked_as_present) VALUES ('C', '#00FF00', 4111546, '2023-3-11T7:13:20', FALSE, FALSE);
INSERT INTO entries(category_id, color, licence_no, registration_time, marked_as_paid, marked_as_present) VALUES ('B', '#000000', 7219491, '2023-3-12T6:29:44', TRUE, FALSE);
INSERT INTO entries(category_id, color, licence_no, registration_time, marked_as_paid, marked_as_present) VALUES ('5', NULL, 722370, '2023-3-13T10:49:31', FALSE, FALSE);
INSERT INTO entries(category_id, color, licence_no, registration_time, marked_as_paid, marked_as_present) VALUES ('1', '#0000FF', 7217573, '2023-3-14T12:2:53', FALSE, FALSE);
INSERT INTO entries(category_id, color, licence_no, registration_time, marked_as_paid, marked_as_present) VALUES ('1', '#0000FF', 4529851, '2023-3-14T7:21:18', FALSE, FALSE);
INSERT INTO entries(category_id, color, licence_no, registration_time, marked_as_paid, marked_as_present) VALUES ('D', '#00FF00', 4529052, '2023-3-14T8:47:17', FALSE, FALSE);
INSERT INTO entries(category_id, color, licence_no, registration_time, marked_as_paid, marked_as_present) VALUES ('F', '#FF0000', 4529053, '2023-3-15T13:55:25', FALSE, FALSE);
INSERT INTO entries(category_id, color, licence_no, registration_time, marked_as_paid, marked_as_present) VALUES ('1', '#0000FF', 7214582, '2023-3-15T22:28:11', FALSE, FALSE);
INSERT INTO entries(category_id, color, licence_no, registration_time, marked_as_paid, marked_as_present) VALUES ('2', '#0000FF', 7886249, '2023-3-17T17:28:30', FALSE, FALSE);
INSERT INTO entries(category_id, color, licence_no, registration_time, marked_as_paid, marked_as_present) VALUES ('1', '#0000FF', 7221275, '2023-3-17T9:29:23', FALSE, FALSE);
INSERT INTO entries(category_id, color, licence_no, registration_time, marked_as_paid, marked_as_present) VALUES ('6', '#00FFFF', 7218763, '2023-3-18T16:45:19', TRUE, FALSE);
INSERT INTO entries(category_id, color, licence_no, registration_time, marked_as_paid, marked_as_present) VALUES ('5', NULL, 3727700, '2023-3-19T11:59:54', FALSE, FALSE);
INSERT INTO entries(category_id, color, licence_no, registration_time, marked_as_paid, marked_as_present) VALUES ('B', '#000000', 9247952, '2023-3-19T6:22:48', FALSE, FALSE);
INSERT INTO entries(category_id, color, licence_no, registration_time, marked_as_paid, marked_as_present) VALUES ('4', '#FFFF00', 7218763, '2023-3-1T22:13:51', TRUE, FALSE);
INSERT INTO entries(category_id, color, licence_no, registration_time, marked_as_paid, marked_as_present) VALUES ('3', '#FFFF00', 608834, '2023-3-20T0:24:12', FALSE, FALSE);
INSERT INTO entries(category_id, color, licence_no, registration_time, marked_as_paid, marked_as_present) VALUES ('3', '#FFFF00', 7221275, '2023-3-21T2:57:57', TRUE, FALSE);
INSERT INTO entries(category_id, color, licence_no, registration_time, marked_as_paid, marked_as_present) VALUES ('G', NULL, 7219491, '2023-3-21T4:27:21', TRUE, FALSE);
INSERT INTO entries(category_id, color, licence_no, registration_time, marked_as_paid, marked_as_present) VALUES ('F', '#FF0000', 4462320, '2023-3-23T17:31:18', FALSE, FALSE);
INSERT INTO entries(category_id, color, licence_no, registration_time, marked_as_paid, marked_as_present) VALUES ('2', '#0000FF', 7213526, '2023-3-24T7:14:41', TRUE, FALSE);
INSERT INTO entries(category_id, color, licence_no, registration_time, marked_as_paid, marked_as_present) VALUES ('B', '#000000', 4422906, '2023-3-25T0:35:57', TRUE, FALSE);
INSERT INTO entries(category_id, color, licence_no, registration_time, marked_as_paid, marked_as_present) VALUES ('E', '#FF0000', 4427928, '2023-3-25T18:3:39', TRUE, FALSE);
INSERT INTO entries(category_id, color, licence_no, registration_time, marked_as_paid, marked_as_present) VALUES ('E', '#FF0000', 7221254, '2023-3-26T21:11:29', TRUE, FALSE);
INSERT INTO entries(category_id, color, licence_no, registration_time, marked_as_paid, marked_as_present) VALUES ('B', '#000000', 3731932, '2023-3-27T16:54:23', FALSE, FALSE);
INSERT INTO entries(category_id, color, licence_no, registration_time, marked_as_paid, marked_as_present) VALUES ('D', '#00FF00', 9322263, '2023-3-27T17:31:42', FALSE, FALSE);
INSERT INTO entries(category_id, color, licence_no, registration_time, marked_as_paid, marked_as_present) VALUES ('A', '#000000', 7224166, '2023-3-27T5:23:39', FALSE, FALSE);
INSERT INTO entries(category_id, color, licence_no, registration_time, marked_as_paid, marked_as_present) VALUES ('F', '#FF0000', 9257964, '2023-3-28T0:39:3', FALSE, FALSE);
INSERT INTO entries(category_id, color, licence_no, registration_time, marked_as_paid, marked_as_present) VALUES ('E', '#FF0000', 9536504, '2023-3-29T1:20:10', TRUE, FALSE);
INSERT INTO entries(category_id, color, licence_no, registration_time, marked_as_paid, marked_as_present) VALUES ('G', NULL, 7217048, '2023-3-2T6:1:24', FALSE, FALSE);
INSERT INTO entries(category_id, color, licence_no, registration_time, marked_as_paid, marked_as_present) VALUES ('1', '#0000FF', 7219456, '2023-3-2T8:47:3', TRUE, FALSE);
INSERT INTO entries(category_id, color, licence_no, registration_time, marked_as_paid, marked_as_present) VALUES ('4', '#FFFF00', 9321971, '2023-3-30T20:23:8', TRUE, FALSE);
INSERT INTO entries(category_id, color, licence_no, registration_time, marked_as_paid, marked_as_present) VALUES ('6', '#00FFFF', 7223032, '2023-3-3T4:1:7', TRUE, FALSE);
INSERT INTO entries(category_id, color, licence_no, registration_time, marked_as_paid, marked_as_present) VALUES ('B', '#000000', 7217573, '2023-3-3T8:57:45', FALSE, FALSE);
INSERT INTO entries(category_id, color, licence_no, registration_time, marked_as_paid, marked_as_present) VALUES ('B', '#000000', 3731597, '2023-3-4T11:12:38', FALSE, FALSE);
INSERT INTO entries(category_id, color, licence_no, registration_time, marked_as_paid, marked_as_present) VALUES ('G', NULL, 4527177, '2023-3-4T3:12:5', FALSE, FALSE);
INSERT INTO entries(category_id, color, licence_no, registration_time, marked_as_paid, marked_as_present) VALUES ('D', '#00FF00', 4530487, '2023-3-5T8:56:4', TRUE, FALSE);
INSERT INTO entries(category_id, color, licence_no, registration_time, marked_as_paid, marked_as_present) VALUES ('D', '#00FF00', 7218408, '2023-3-6T1:26:26', FALSE, FALSE);
INSERT INTO entries(category_id, color, licence_no, registration_time, marked_as_paid, marked_as_present) VALUES ('B', '#000000', 5327528, '2023-3-6T6:41:28', FALSE, FALSE);
INSERT INTO entries(category_id, color, licence_no, registration_time, marked_as_paid, marked_as_present) VALUES ('G', NULL, 7220549, '2023-3-7T2:17:13', FALSE, FALSE);
INSERT INTO entries(category_id, color, licence_no, registration_time, marked_as_paid, marked_as_present) VALUES ('A', '#000000', 9323439, '2023-3-8T16:24:50', FALSE, FALSE);
INSERT INTO entries(category_id, color, licence_no, registration_time, marked_as_paid, marked_as_present) VALUES ('F', '#FF0000', 4519318, '2023-3-9T8:49:43', TRUE, FALSE);
INSERT INTO entries(category_id, color, licence_no, registration_time, marked_as_paid, marked_as_present) VALUES ('G', NULL, 4529838, '2023-4-11T1:36:27', TRUE, FALSE);
INSERT INTO entries(category_id, color, licence_no, registration_time, marked_as_paid, marked_as_present) VALUES ('A', '#000000', 9256721, '2023-4-12T0:5:9', FALSE, FALSE);
INSERT INTO entries(category_id, color, licence_no, registration_time, marked_as_paid, marked_as_present) VALUES ('1', '#0000FF', 3525635, '2023-4-12T10:51:28', TRUE, FALSE);
INSERT INTO entries(category_id, color, licence_no, registration_time, marked_as_paid, marked_as_present) VALUES ('D', '#00FF00', 7887928, '2023-4-12T22:35:27', TRUE, FALSE);
INSERT INTO entries(category_id, color, licence_no, registration_time, marked_as_paid, marked_as_present) VALUES ('F', '#FF0000', 7887928, '2023-4-14T7:48:28', TRUE, FALSE);
INSERT INTO entries(category_id, color, licence_no, registration_time, marked_as_paid, marked_as_present) VALUES ('2', '#0000FF', 7210055, '2023-4-15T15:47:12', TRUE, FALSE);
INSERT INTO entries(category_id, color, licence_no, registration_time, marked_as_paid, marked_as_present) VALUES ('A', '#000000', 9321954, '2023-4-16T14:28:36', FALSE, FALSE);
INSERT INTO entries(category_id, color, licence_no, registration_time, marked_as_paid, marked_as_present) VALUES ('G', NULL, 5953737, '2023-4-16T2:29:58', FALSE, FALSE);
INSERT INTO entries(category_id, color, licence_no, registration_time, marked_as_paid, marked_as_present) VALUES ('F', '#FF0000', 7218763, '2023-4-17T5:41:5', TRUE, FALSE);
INSERT INTO entries(category_id, color, licence_no, registration_time, marked_as_paid, marked_as_present) VALUES ('B', '#000000', 3727799, '2023-4-17T6:27:2', TRUE, FALSE);
INSERT INTO entries(category_id, color, licence_no, registration_time, marked_as_paid, marked_as_present) VALUES ('B', '#000000', 4532589, '2023-4-19T2:9:47', FALSE, FALSE);
INSERT INTO entries(category_id, color, licence_no, registration_time, marked_as_paid, marked_as_present) VALUES ('D', '#00FF00', 4529894, '2023-4-19T4:42:15', FALSE, FALSE);
INSERT INTO entries(category_id, color, licence_no, registration_time, marked_as_paid, marked_as_present) VALUES ('F', '#FF0000', 3714960, '2023-4-20T20:50:3', TRUE, FALSE);
INSERT INTO entries(category_id, color, licence_no, registration_time, marked_as_paid, marked_as_present) VALUES ('F', '#FF0000', 5326543, '2023-4-20T2:16:50', TRUE, FALSE);
INSERT INTO entries(category_id, color, licence_no, registration_time, marked_as_paid, marked_as_present) VALUES ('B', '#000000', 4462320, '2023-4-21T12:30:19', TRUE, FALSE);
INSERT INTO entries(category_id, color, licence_no, registration_time, marked_as_paid, marked_as_present) VALUES ('B', '#000000', 3726270, '2023-4-21T17:18:8', FALSE, FALSE);
INSERT INTO entries(category_id, color, licence_no, registration_time, marked_as_paid, marked_as_present) VALUES ('3', '#FFFF00', 7216648, '2023-4-21T9:43:27', FALSE, FALSE);
INSERT INTO entries(category_id, color, licence_no, registration_time, marked_as_paid, marked_as_present) VALUES ('3', '#FFFF00', 9410780, '2023-4-22T11:58:39', FALSE, FALSE);
INSERT INTO entries(category_id, color, licence_no, registration_time, marked_as_paid, marked_as_present) VALUES ('D', '#00FF00', 7886249, '2023-4-23T7:48:10', TRUE, FALSE);
INSERT INTO entries(category_id, color, licence_no, registration_time, marked_as_paid, marked_as_present) VALUES ('D', '#00FF00', 9240480, '2023-4-24T11:33:12', FALSE, FALSE);
INSERT INTO entries(category_id, color, licence_no, registration_time, marked_as_paid, marked_as_present) VALUES ('A', '#000000', 7225133, '2023-4-26T3:11:26', FALSE, FALSE);
INSERT INTO entries(category_id, color, licence_no, registration_time, marked_as_paid, marked_as_present) VALUES ('D', '#00FF00', 7512693, '2023-4-26T3:55:9', TRUE, FALSE);
INSERT INTO entries(category_id, color, licence_no, registration_time, marked_as_paid, marked_as_present) VALUES ('D', '#00FF00', 5326610, '2023-4-28T18:4:35', FALSE, FALSE);
INSERT INTO entries(category_id, color, licence_no, registration_time, marked_as_paid, marked_as_present) VALUES ('D', '#00FF00', 9257964, '2023-4-28T6:44:16', TRUE, FALSE);
INSERT INTO entries(category_id, color, licence_no, registration_time, marked_as_paid, marked_as_present) VALUES ('G', NULL, 723342, '2023-4-29T11:34:11', TRUE, FALSE);
INSERT INTO entries(category_id, color, licence_no, registration_time, marked_as_paid, marked_as_present) VALUES ('D', '#00FF00', 9239990, '2023-4-29T1:29:32', FALSE, FALSE);
INSERT INTO entries(category_id, color, licence_no, registration_time, marked_as_paid, marked_as_present) VALUES ('F', '#FF0000', 9256846, '2023-4-29T2:14:59', FALSE, FALSE);
INSERT INTO entries(category_id, color, licence_no, registration_time, marked_as_paid, marked_as_present) VALUES ('4', '#FFFF00', 9239990, '2023-4-2T12:7:20', TRUE, FALSE);
INSERT INTO entries(category_id, color, licence_no, registration_time, marked_as_paid, marked_as_present) VALUES ('F', '#FF0000', 3731597, '2023-4-3T18:8:13', TRUE, FALSE);
INSERT INTO entries(category_id, color, licence_no, registration_time, marked_as_paid, marked_as_present) VALUES ('D', '#00FF00', 1420954, '2023-4-5T2:14:15', TRUE, TRUE);
INSERT INTO entries(category_id, color, licence_no, registration_time, marked_as_paid, marked_as_present) VALUES ('4', '#FFFF00', 7214813, '2023-4-7T16:52:25', TRUE, FALSE);
INSERT INTO entries(category_id, color, licence_no, registration_time, marked_as_paid, marked_as_present) VALUES ('A', '#000000', 9245676, '2023-4-8T11:27:46', TRUE, FALSE);
INSERT INTO entries(category_id, color, licence_no, registration_time, marked_as_paid, marked_as_present) VALUES ('E', '#FF0000', 9143724, '2023-5-10T15:24:34', TRUE, FALSE);
INSERT INTO entries(category_id, color, licence_no, registration_time, marked_as_paid, marked_as_present) VALUES ('1', '#0000FF', 7874062, '2023-5-10T18:0:42', TRUE, FALSE);
INSERT INTO entries(category_id, color, licence_no, registration_time, marked_as_paid, marked_as_present) VALUES ('C', '#00FF00', 7216648, '2023-5-10T4:38:7', FALSE, FALSE);
INSERT INTO entries(category_id, color, licence_no, registration_time, marked_as_paid, marked_as_present) VALUES ('F', '#FF0000', 2814398, '2023-5-11T18:53:35', FALSE, FALSE);
INSERT INTO entries(category_id, color, licence_no, registration_time, marked_as_paid, marked_as_present) VALUES ('3', '#FFFF00', 4435747, '2023-5-12T13:46:43', FALSE, FALSE);
INSERT INTO entries(category_id, color, licence_no, registration_time, marked_as_paid, marked_as_present) VALUES ('A', '#000000', 7219314, '2023-5-12T21:18:2', TRUE, FALSE);
INSERT INTO entries(category_id, color, licence_no, registration_time, marked_as_paid, marked_as_present) VALUES ('B', '#000000', 7512693, '2023-5-13T15:4:32', FALSE, FALSE);
INSERT INTO entries(category_id, color, licence_no, registration_time, marked_as_paid, marked_as_present) VALUES ('F', '#FF0000', 7525173, '2023-5-13T17:50:48', TRUE, FALSE);
INSERT INTO entries(category_id, color, licence_no, registration_time, marked_as_paid, marked_as_present) VALUES ('6', '#00FFFF', 9256846, '2023-5-14T15:38:29', FALSE, FALSE);
INSERT INTO entries(category_id, color, licence_no, registration_time, marked_as_paid, marked_as_present) VALUES ('G', NULL, 7527624, '2023-5-14T7:31:7', TRUE, FALSE);
INSERT INTO entries(category_id, color, licence_no, registration_time, marked_as_paid, marked_as_present) VALUES ('6', '#00FFFF', 7213526, '2023-5-15T21:10:54', FALSE, FALSE);
INSERT INTO entries(category_id, color, licence_no, registration_time, marked_as_paid, marked_as_present) VALUES ('3', '#FFFF00', 9241901, '2023-5-15T21:7:40', FALSE, FALSE);
INSERT INTO entries(category_id, color, licence_no, registration_time, marked_as_paid, marked_as_present) VALUES ('B', '#000000', 5324235, '2023-5-17T14:24:17', TRUE, FALSE);
INSERT INTO entries(category_id, color, licence_no, registration_time, marked_as_paid, marked_as_present) VALUES ('B', '#000000', 9241901, '2023-5-17T21:17:58', FALSE, FALSE);
INSERT INTO entries(category_id, color, licence_no, registration_time, marked_as_paid, marked_as_present) VALUES ('E', '#FF0000', 5327556, '2023-5-17T5:23:33', FALSE, FALSE);
INSERT INTO entries(category_id, color, licence_no, registration_time, marked_as_paid, marked_as_present) VALUES ('A', '#000000', 9322263, '2023-5-19T21:13:49', FALSE, FALSE);
INSERT INTO entries(category_id, color, licence_no, registration_time, marked_as_paid, marked_as_present) VALUES ('D', '#00FF00', 9252435, '2023-5-19T5:59:46', FALSE, FALSE);
INSERT INTO entries(category_id, color, licence_no, registration_time, marked_as_paid, marked_as_present) VALUES ('1', '#0000FF', 4451551, '2023-5-1T5:6:36', FALSE, FALSE);
INSERT INTO entries(category_id, color, licence_no, registration_time, marked_as_paid, marked_as_present) VALUES ('E', '#FF0000', 9532616, '2023-5-22T11:43:5', TRUE, FALSE);
INSERT INTO entries(category_id, color, licence_no, registration_time, marked_as_paid, marked_as_present) VALUES ('7', '#00FFFF', 7222777, '2023-5-22T20:43:52', FALSE, FALSE);
INSERT INTO entries(category_id, color, licence_no, registration_time, marked_as_paid, marked_as_present) VALUES ('A', '#000000', 4529052, '2023-5-22T3:47:54', TRUE, FALSE);
INSERT INTO entries(category_id, color, licence_no, registration_time, marked_as_paid, marked_as_present) VALUES ('3', '#FFFF00', 9143724, '2023-5-22T5:13:28', TRUE, FALSE);
INSERT INTO entries(category_id, color, licence_no, registration_time, marked_as_paid, marked_as_present) VALUES ('E', '#FF0000', 798720, '2023-5-23T6:44:59', TRUE, FALSE);
INSERT INTO entries(category_id, color, licence_no, registration_time, marked_as_paid, marked_as_present) VALUES ('E', '#FF0000', 7216648, '2023-5-24T18:39:11', FALSE, FALSE);
INSERT INTO entries(category_id, color, licence_no, registration_time, marked_as_paid, marked_as_present) VALUES ('G', NULL, 6021265, '2023-5-24T19:52:17', FALSE, FALSE);
INSERT INTO entries(category_id, color, licence_no, registration_time, marked_as_paid, marked_as_present) VALUES ('D', '#00FF00', 9426636, '2023-5-24T21:7:34', TRUE, FALSE);
INSERT INTO entries(category_id, color, licence_no, registration_time, marked_as_paid, marked_as_present) VALUES ('6', '#00FFFF', 9321971, '2023-5-25T11:8:29', FALSE, FALSE);
INSERT INTO entries(category_id, color, licence_no, registration_time, marked_as_paid, marked_as_present) VALUES ('D', '#00FF00', 9245676, '2023-5-26T3:7:52', TRUE, FALSE);
INSERT INTO entries(category_id, color, licence_no, registration_time, marked_as_paid, marked_as_present) VALUES ('F', '#FF0000', 7884741, '2023-5-27T12:54:13', FALSE, FALSE);
INSERT INTO entries(category_id, color, licence_no, registration_time, marked_as_paid, marked_as_present) VALUES ('2', '#0000FF', 2814398, '2023-5-28T22:29:42', TRUE, FALSE);
INSERT INTO entries(category_id, color, licence_no, registration_time, marked_as_paid, marked_as_present) VALUES ('G', NULL, 4427928, '2023-5-28T6:42:39', FALSE, FALSE);
INSERT INTO entries(category_id, color, licence_no, registration_time, marked_as_paid, marked_as_present) VALUES ('G', NULL, 5325506, '2023-5-29T7:34:37', FALSE, FALSE);
INSERT INTO entries(category_id, color, licence_no, registration_time, marked_as_paid, marked_as_present) VALUES ('D', '#00FF00', 7525173, '2023-5-2T1:8:55', TRUE, FALSE);
INSERT INTO entries(category_id, color, licence_no, registration_time, marked_as_paid, marked_as_present) VALUES ('E', '#FF0000', 5615415, '2023-5-2T22:19:49', TRUE, FALSE);
INSERT INTO entries(category_id, color, licence_no, registration_time, marked_as_paid, marked_as_present) VALUES ('D', '#00FF00', 7225209, '2023-5-2T9:11:4', TRUE, FALSE);
INSERT INTO entries(category_id, color, licence_no, registration_time, marked_as_paid, marked_as_present) VALUES ('A', '#000000', 9239990, '2023-5-3T11:38:39', FALSE, FALSE);
INSERT INTO entries(category_id, color, licence_no, registration_time, marked_as_paid, marked_as_present) VALUES ('2', '#0000FF', 9145837, '2023-5-3T4:36:35', TRUE, FALSE);
INSERT INTO entries(category_id, color, licence_no, registration_time, marked_as_paid, marked_as_present) VALUES ('B', '#000000', 7213526, '2023-5-3T4:45:23', TRUE, FALSE);
INSERT INTO entries(category_id, color, licence_no, registration_time, marked_as_paid, marked_as_present) VALUES ('D', '#00FF00', 7222777, '2023-5-6T6:48:18', TRUE, FALSE);
INSERT INTO entries(category_id, color, licence_no, registration_time, marked_as_paid, marked_as_present) VALUES ('G', NULL, 5327556, '2023-5-7T22:55:18', FALSE, FALSE);
INSERT INTO entries(category_id, color, licence_no, registration_time, marked_as_paid, marked_as_present) VALUES ('4', '#FFFF00', 7224166, '2023-6-10T15:55:35', FALSE, FALSE);
INSERT INTO entries(category_id, color, licence_no, registration_time, marked_as_paid, marked_as_present) VALUES ('G', NULL, 6021038, '2023-6-11T13:50:48', TRUE, FALSE);
INSERT INTO entries(category_id, color, licence_no, registration_time, marked_as_paid, marked_as_present) VALUES ('G', NULL, 3525635, '2023-6-11T1:37:41', FALSE, FALSE);
INSERT INTO entries(category_id, color, licence_no, registration_time, marked_as_paid, marked_as_present) VALUES ('G', NULL, 9143724, '2023-6-11T22:25:16', FALSE, FALSE);
INSERT INTO entries(category_id, color, licence_no, registration_time, marked_as_paid, marked_as_present) VALUES ('F', '#FF0000', 9426636, '2023-6-12T15:38:52', TRUE, FALSE);
INSERT INTO entries(category_id, color, licence_no, registration_time, marked_as_paid, marked_as_present) VALUES ('3', '#FFFF00', 6021265, '2023-6-12T7:0:40', TRUE, FALSE);
INSERT INTO entries(category_id, color, licence_no, registration_time, marked_as_paid, marked_as_present) VALUES ('1', '#0000FF', 4422906, '2023-6-14T23:36:12', FALSE, FALSE);
INSERT INTO entries(category_id, color, licence_no, registration_time, marked_as_paid, marked_as_present) VALUES ('3', '#FFFF00', 7731399, '2023-6-15T14:20:21', TRUE, FALSE);
INSERT INTO entries(category_id, color, licence_no, registration_time, marked_as_paid, marked_as_present) VALUES ('6', '#00FFFF', 9245676, '2023-6-17T0:38:56', FALSE, FALSE);
INSERT INTO entries(category_id, color, licence_no, registration_time, marked_as_paid, marked_as_present) VALUES ('B', '#000000', 4451551, '2023-6-17T7:2:1', FALSE, FALSE);
INSERT INTO entries(category_id, color, licence_no, registration_time, marked_as_paid, marked_as_present) VALUES ('D', '#00FF00', 5328211, '2023-6-18T19:32:50', FALSE, FALSE);
INSERT INTO entries(category_id, color, licence_no, registration_time, marked_as_paid, marked_as_present) VALUES ('B', '#000000', 4435747, '2023-6-20T11:6:23', TRUE, FALSE);
INSERT INTO entries(category_id, color, licence_no, registration_time, marked_as_paid, marked_as_present) VALUES ('1', '#0000FF', 3726270, '2023-6-20T13:42:10', TRUE, FALSE);
INSERT INTO entries(category_id, color, licence_no, registration_time, marked_as_paid, marked_as_present) VALUES ('C', '#00FF00', 4529838, '2023-6-21T13:56:31', TRUE, FALSE);
INSERT INTO entries(category_id, color, licence_no, registration_time, marked_as_paid, marked_as_present) VALUES ('F', '#FF0000', 7874062, '2023-6-23T13:53:55', FALSE, FALSE);
INSERT INTO entries(category_id, color, licence_no, registration_time, marked_as_paid, marked_as_present) VALUES ('F', '#FF0000', 4528713, '2023-6-24T14:58:51', TRUE, FALSE);
INSERT INTO entries(category_id, color, licence_no, registration_time, marked_as_paid, marked_as_present) VALUES ('D', '#00FF00', 7216286, '2023-6-25T0:27:10', TRUE, FALSE);
INSERT INTO entries(category_id, color, licence_no, registration_time, marked_as_paid, marked_as_present) VALUES ('E', '#FF0000', 6021265, '2023-6-25T22:31:33', TRUE, FALSE);
INSERT INTO entries(category_id, color, licence_no, registration_time, marked_as_paid, marked_as_present) VALUES ('7', '#00FFFF', 7225133, '2023-6-26T12:14:3', FALSE, FALSE);
INSERT INTO entries(category_id, color, licence_no, registration_time, marked_as_paid, marked_as_present) VALUES ('F', '#FF0000', 9221871, '2023-6-26T3:26:25', FALSE, FALSE);
INSERT INTO entries(category_id, color, licence_no, registration_time, marked_as_paid, marked_as_present) VALUES ('2', '#0000FF', 7219370, '2023-6-26T9:48:53', TRUE, FALSE);
INSERT INTO entries(category_id, color, licence_no, registration_time, marked_as_paid, marked_as_present) VALUES ('B', '#000000', 3525635, '2023-6-27T20:43:25', FALSE, FALSE);
INSERT INTO entries(category_id, color, licence_no, registration_time, marked_as_paid, marked_as_present) VALUES ('B', '#000000', 9221871, '2023-6-28T2:35:6', TRUE, FALSE);
INSERT INTO entries(category_id, color, licence_no, registration_time, marked_as_paid, marked_as_present) VALUES ('A', '#000000', 9240480, '2023-6-30T3:46:51', TRUE, FALSE);
INSERT INTO entries(category_id, color, licence_no, registration_time, marked_as_paid, marked_as_present) VALUES ('B', '#000000', 4527511, '2023-6-30T4:50:40', TRUE, FALSE);
INSERT INTO entries(category_id, color, licence_no, registration_time, marked_as_paid, marked_as_present) VALUES ('B', '#000000', 9256846, '2023-6-30T7:5:50', FALSE, FALSE);
INSERT INTO entries(category_id, color, licence_no, registration_time, marked_as_paid, marked_as_present) VALUES ('A', '#000000', 4531022, '2023-6-3T20:17:52', TRUE, FALSE);
INSERT INTO entries(category_id, color, licence_no, registration_time, marked_as_paid, marked_as_present) VALUES ('E', '#FF0000', 4526611, '2023-6-3T21:29:45', TRUE, FALSE);
INSERT INTO entries(category_id, color, licence_no, registration_time, marked_as_paid, marked_as_present) VALUES ('3', '#FFFF00', 5324871, '2023-6-4T11:49:42', TRUE, FALSE);
INSERT INTO entries(category_id, color, licence_no, registration_time, marked_as_paid, marked_as_present) VALUES ('7', '#00FFFF', 9239990, '2023-6-4T3:25:32', TRUE, FALSE);
INSERT INTO entries(category_id, color, licence_no, registration_time, marked_as_paid, marked_as_present) VALUES ('D', '#00FF00', 4527982, '2023-6-5T15:25:6', TRUE, FALSE);
INSERT INTO entries(category_id, color, licence_no, registration_time, marked_as_paid, marked_as_present) VALUES ('G', NULL, 9457149, '2023-6-5T22:25:38', TRUE, FALSE);
INSERT INTO entries(category_id, color, licence_no, registration_time, marked_as_paid, marked_as_present) VALUES ('E', '#FF0000', 5324922, '2023-6-5T2:8:0', TRUE, FALSE);
INSERT INTO entries(category_id, color, licence_no, registration_time, marked_as_paid, marked_as_present) VALUES ('G', NULL, 4422906, '2023-6-5T4:6:42', TRUE, FALSE);
INSERT INTO entries(category_id, color, licence_no, registration_time, marked_as_paid, marked_as_present) VALUES ('3', '#FFFF00', 7214582, '2023-6-6T16:25:52', TRUE, FALSE);
INSERT INTO entries(category_id, color, licence_no, registration_time, marked_as_paid, marked_as_present) VALUES ('E', '#FF0000', 5953737, '2023-6-7T16:55:16', TRUE, FALSE);
INSERT INTO entries(category_id, color, licence_no, registration_time, marked_as_paid, marked_as_present) VALUES ('G', NULL, 914291, '2023-6-7T23:8:21', TRUE, FALSE);
INSERT INTO entries(category_id, color, licence_no, registration_time, marked_as_paid, marked_as_present) VALUES ('B', '#000000', 3712439, '2023-6-7T4:38:47', TRUE, FALSE);
INSERT INTO entries(category_id, color, licence_no, registration_time, marked_as_paid, marked_as_present) VALUES ('1', '#0000FF', 6021265, '2023-7-10T17:44:28', TRUE, FALSE);
INSERT INTO entries(category_id, color, licence_no, registration_time, marked_as_paid, marked_as_present) VALUES ('B', '#000000', 9137160, '2023-7-10T23:19:51', TRUE, FALSE);
INSERT INTO entries(category_id, color, licence_no, registration_time, marked_as_paid, marked_as_present) VALUES ('C', '#00FF00', 7527624, '2023-7-10T4:30:18', FALSE, FALSE);
INSERT INTO entries(category_id, color, licence_no, registration_time, marked_as_paid, marked_as_present) VALUES ('E', '#FF0000', 7221154, '2023-7-11T22:50:23', TRUE, FALSE);
INSERT INTO entries(category_id, color, licence_no, registration_time, marked_as_paid, marked_as_present) VALUES ('G', NULL, 4435747, '2023-7-12T15:55:27', TRUE, FALSE);
INSERT INTO entries(category_id, color, licence_no, registration_time, marked_as_paid, marked_as_present) VALUES ('D', '#00FF00', 9321954, '2023-7-12T3:58:35', FALSE, FALSE);
INSERT INTO entries(category_id, color, licence_no, registration_time, marked_as_paid, marked_as_present) VALUES ('6', '#00FFFF', 9257964, '2023-7-12T8:39:31', FALSE, FALSE);
INSERT INTO entries(category_id, color, licence_no, registration_time, marked_as_paid, marked_as_present) VALUES ('4', '#FFFF00', 4528713, '2023-7-14T14:57:4', TRUE, FALSE);
INSERT INTO entries(category_id, color, licence_no, registration_time, marked_as_paid, marked_as_present) VALUES ('2', '#0000FF', 7887928, '2023-7-15T10:33:24', TRUE, FALSE);
INSERT INTO entries(category_id, color, licence_no, registration_time, marked_as_paid, marked_as_present) VALUES ('E', '#FF0000', 7218004, '2023-7-15T12:26:13', TRUE, FALSE);
INSERT INTO entries(category_id, color, licence_no, registration_time, marked_as_paid, marked_as_present) VALUES ('5', NULL, 3712439, '2023-7-16T7:24:5', TRUE, FALSE);
INSERT INTO entries(category_id, color, licence_no, registration_time, marked_as_paid, marked_as_present) VALUES ('F', '#FF0000', 4529851, '2023-7-17T10:19:5', TRUE, FALSE);
INSERT INTO entries(category_id, color, licence_no, registration_time, marked_as_paid, marked_as_present) VALUES ('1', '#0000FF', 9247952, '2023-7-17T17:0:3', TRUE, FALSE);
INSERT INTO entries(category_id, color, licence_no, registration_time, marked_as_paid, marked_as_present) VALUES ('3', '#FFFF00', 9247952, '2023-7-17T4:24:44', TRUE, FALSE);
INSERT INTO entries(category_id, color, licence_no, registration_time, marked_as_paid, marked_as_present) VALUES ('G', NULL, 5325044, '2023-7-19T10:5:44', FALSE, FALSE);
INSERT INTO entries(category_id, color, licence_no, registration_time, marked_as_paid, marked_as_present) VALUES ('6', '#00FFFF', 9240480, '2023-7-19T14:27:45', FALSE, FALSE);
INSERT INTO entries(category_id, color, licence_no, registration_time, marked_as_paid, marked_as_present) VALUES ('F', '#FF0000', 5325321, '2023-7-19T2:10:46', FALSE, FALSE);
INSERT INTO entries(category_id, color, licence_no, registration_time, marked_as_paid, marked_as_present) VALUES ('D', '#00FF00', 9538603, '2023-7-20T11:47:59', FALSE, FALSE);
INSERT INTO entries(category_id, color, licence_no, registration_time, marked_as_paid, marked_as_present) VALUES ('1', '#0000FF', 61624, '2023-7-21T2:12:18', FALSE, FALSE);
INSERT INTO entries(category_id, color, licence_no, registration_time, marked_as_paid, marked_as_present) VALUES ('C', '#00FF00', 798720, '2023-7-24T16:45:25', TRUE, FALSE);
INSERT INTO entries(category_id, color, licence_no, registration_time, marked_as_paid, marked_as_present) VALUES ('B', '#000000', 4519318, '2023-7-24T23:24:3', FALSE, FALSE);
INSERT INTO entries(category_id, color, licence_no, registration_time, marked_as_paid, marked_as_present) VALUES ('D', '#00FF00', 4530477, '2023-7-24T2:30:29', FALSE, FALSE);
INSERT INTO entries(category_id, color, licence_no, registration_time, marked_as_paid, marked_as_present) VALUES ('1', '#0000FF', 7220549, '2023-7-25T12:30:52', FALSE, FALSE);
INSERT INTO entries(category_id, color, licence_no, registration_time, marked_as_paid, marked_as_present) VALUES ('2', '#0000FF', 4528713, '2023-7-25T4:24:38', TRUE, FALSE);
INSERT INTO entries(category_id, color, licence_no, registration_time, marked_as_paid, marked_as_present) VALUES ('B', '#000000', 725492, '2023-7-25T4:26:2', FALSE, FALSE);
INSERT INTO entries(category_id, color, licence_no, registration_time, marked_as_paid, marked_as_present) VALUES ('A', '#000000', 7225209, '2023-7-27T15:34:26', TRUE, FALSE);
INSERT INTO entries(category_id, color, licence_no, registration_time, marked_as_paid, marked_as_present) VALUES ('3', '#FFFF00', 7222110, '2023-7-28T0:53:17', FALSE, FALSE);
INSERT INTO entries(category_id, color, licence_no, registration_time, marked_as_paid, marked_as_present) VALUES ('F', '#FF0000', 5327528, '2023-7-2T15:10:20', TRUE, FALSE);
INSERT INTO entries(category_id, color, licence_no, registration_time, marked_as_paid, marked_as_present) VALUES ('E', '#FF0000', 7222110, '2023-7-2T22:2:1', TRUE, FALSE);
INSERT INTO entries(category_id, color, licence_no, registration_time, marked_as_paid, marked_as_present) VALUES ('3', '#FFFF00', 6021038, '2023-7-3T22:15:34', TRUE, FALSE);
INSERT INTO entries(category_id, color, licence_no, registration_time, marked_as_paid, marked_as_present) VALUES ('2', '#0000FF', 7884741, '2023-7-5T23:6:14', TRUE, FALSE);
INSERT INTO entries(category_id, color, licence_no, registration_time, marked_as_paid, marked_as_present) VALUES ('F', '#FF0000', 9321971, '2023-7-6T15:27:18', FALSE, FALSE);
INSERT INTO entries(category_id, color, licence_no, registration_time, marked_as_paid, marked_as_present) VALUES ('5', NULL, 7221275, '2023-7-6T20:29:56', TRUE, FALSE);
INSERT INTO entries(category_id, color, licence_no, registration_time, marked_as_paid, marked_as_present) VALUES ('7', '#00FFFF', 7219314, '2023-7-7T21:38:35', FALSE, FALSE);
INSERT INTO entries(category_id, color, licence_no, registration_time, marked_as_paid, marked_as_present) VALUES ('F', '#FF0000', 9137160, '2023-7-7T8:10:32', FALSE, FALSE);
INSERT INTO entries(category_id, color, licence_no, registration_time, marked_as_paid, marked_as_present) VALUES ('E', '#FF0000', 6021038, '2023-7-7T8:44:55', FALSE, FALSE);
INSERT INTO entries(category_id, color, licence_no, registration_time, marked_as_paid, marked_as_present) VALUES ('B', '#000000', 5325321, '2023-7-8T22:29:10', FALSE, FALSE);
INSERT INTO entries(category_id, color, licence_no, registration_time, marked_as_paid, marked_as_present) VALUES ('B', '#000000', 5326543, '2023-7-8T5:22:32', TRUE, FALSE);
INSERT INTO entries(category_id, color, licence_no, registration_time, marked_as_paid, marked_as_present) VALUES ('A', '#000000', 5327529, '2023-8-12T11:22:11', TRUE, FALSE);
INSERT INTO entries(category_id, color, licence_no, registration_time, marked_as_paid, marked_as_present) VALUES ('A', '#000000', 9538603, '2023-8-12T13:41:57', FALSE, FALSE);
INSERT INTO entries(category_id, color, licence_no, registration_time, marked_as_paid, marked_as_present) VALUES ('G', NULL, 3727799, '2023-8-12T4:42:10', TRUE, FALSE);
INSERT INTO entries(category_id, color, licence_no, registration_time, marked_as_paid, marked_as_present) VALUES ('G', NULL, 5318378, '2023-8-13T5:30:41', FALSE, FALSE);
INSERT INTO entries(category_id, color, licence_no, registration_time, marked_as_paid, marked_as_present) VALUES ('F', '#FF0000', 3731932, '2023-8-14T10:3:24', FALSE, FALSE);
INSERT INTO entries(category_id, color, licence_no, registration_time, marked_as_paid, marked_as_present) VALUES ('D', '#00FF00', 4530898, '2023-8-15T0:7:31', FALSE, FALSE);
INSERT INTO entries(category_id, color, licence_no, registration_time, marked_as_paid, marked_as_present) VALUES ('2', '#0000FF', 7223032, '2023-8-17T13:8:47', FALSE, FALSE);
INSERT INTO entries(category_id, color, licence_no, registration_time, marked_as_paid, marked_as_present) VALUES ('B', '#000000', 4529851, '2023-8-17T2:14:4', FALSE, FALSE);
INSERT INTO entries(category_id, color, licence_no, registration_time, marked_as_paid, marked_as_present) VALUES ('6', '#00FFFF', 7886249, '2023-8-19T11:54:22', FALSE, FALSE);
INSERT INTO entries(category_id, color, licence_no, registration_time, marked_as_paid, marked_as_present) VALUES ('D', '#00FF00', 5328103, '2023-8-20T15:39:52', TRUE, FALSE);
INSERT INTO entries(category_id, color, licence_no, registration_time, marked_as_paid, marked_as_present) VALUES ('2', '#0000FF', 9426636, '2023-8-20T23:33:52', FALSE, FALSE);
INSERT INTO entries(category_id, color, licence_no, registration_time, marked_as_paid, marked_as_present) VALUES ('G', NULL, 4527511, '2023-8-21T21:17:49', TRUE, FALSE);
INSERT INTO entries(category_id, color, licence_no, registration_time, marked_as_paid, marked_as_present) VALUES ('G', NULL, 608834, '2023-8-23T6:56:51', FALSE, FALSE);
INSERT INTO entries(category_id, color, licence_no, registration_time, marked_as_paid, marked_as_present) VALUES ('G', NULL, 7217573, '2023-8-24T12:22:32', FALSE, FALSE);
INSERT INTO entries(category_id, color, licence_no, registration_time, marked_as_paid, marked_as_present) VALUES ('B', '#000000', 7874062, '2023-8-25T21:44:46', FALSE, FALSE);
INSERT INTO entries(category_id, color, licence_no, registration_time, marked_as_paid, marked_as_present) VALUES ('G', NULL, 3726270, '2023-8-26T11:54:16', FALSE, FALSE);
INSERT INTO entries(category_id, color, licence_no, registration_time, marked_as_paid, marked_as_present) VALUES ('A', '#000000', 722370, '2023-8-26T1:12:15', TRUE, FALSE);
INSERT INTO entries(category_id, color, licence_no, registration_time, marked_as_paid, marked_as_present) VALUES ('A', '#000000', 5326610, '2023-8-28T6:29:15', FALSE, FALSE);
INSERT INTO entries(category_id, color, licence_no, registration_time, marked_as_paid, marked_as_present) VALUES ('1', '#0000FF', 3524722, '2023-8-29T5:34:45', TRUE, FALSE);
INSERT INTO entries(category_id, color, licence_no, registration_time, marked_as_paid, marked_as_present) VALUES ('G', NULL, 9145837, '2023-8-30T3:59:17', FALSE, FALSE);
INSERT INTO entries(category_id, color, licence_no, registration_time, marked_as_paid, marked_as_present) VALUES ('A', '#000000', 4530898, '2023-8-30T4:22:30', TRUE, FALSE);
INSERT INTO entries(category_id, color, licence_no, registration_time, marked_as_paid, marked_as_present) VALUES ('2', '#0000FF', 7512693, '2023-8-3T23:7:38', TRUE, FALSE);
INSERT INTO entries(category_id, color, licence_no, registration_time, marked_as_paid, marked_as_present) VALUES ('6', '#00FFFF', 9137160, '2023-8-4T6:57:48', FALSE, FALSE);
INSERT INTO entries(category_id, color, licence_no, registration_time, marked_as_paid, marked_as_present) VALUES ('G', NULL, 5324235, '2023-8-5T0:50:56', TRUE, FALSE);
INSERT INTO entries(category_id, color, licence_no, registration_time, marked_as_paid, marked_as_present) VALUES ('B', '#000000', 4939159, '2023-8-7T12:4:19', FALSE, FALSE);
INSERT INTO entries(category_id, color, licence_no, registration_time, marked_as_paid, marked_as_present) VALUES ('1', '#0000FF', 7218004, '2023-8-8T10:35:38', TRUE, FALSE);
INSERT INTO entries(category_id, color, licence_no, registration_time, marked_as_paid, marked_as_present) VALUES ('B', '#000000', 2814398, '2023-8-8T14:56:6', TRUE, FALSE);
INSERT INTO entries(category_id, color, licence_no, registration_time, marked_as_paid, marked_as_present) VALUES ('A', '#000000', 9324241, '2023-8-8T1:46:27', FALSE, FALSE);
INSERT INTO entries(category_id, color, licence_no, registration_time, marked_as_paid, marked_as_present) VALUES ('3', '#FFFF00', 7221254, '2023-8-8T5:11:53', TRUE, FALSE);
INSERT INTO entries(category_id, color, licence_no, registration_time, marked_as_paid, marked_as_present) VALUES ('2', '#0000FF', 9137160, '2023-8-9T11:37:51', TRUE, FALSE);
INSERT INTO entries(category_id, color, licence_no, registration_time, marked_as_paid, marked_as_present) VALUES ('D', '#00FF00', 5327529, '2023-9-10T5:5:10', FALSE, FALSE);
INSERT INTO entries(category_id, color, licence_no, registration_time, marked_as_paid, marked_as_present) VALUES ('A', '#000000', 7218408, '2023-9-11T18:0:12', TRUE, FALSE);
INSERT INTO entries(category_id, color, licence_no, registration_time, marked_as_paid, marked_as_present) VALUES ('F', '#FF0000', 9252435, '2023-9-11T4:34:31', TRUE, FALSE);
INSERT INTO entries(category_id, color, licence_no, registration_time, marked_as_paid, marked_as_present) VALUES ('D', '#00FF00', 4531022, '2023-9-12T10:40:21', FALSE, FALSE);
INSERT INTO entries(category_id, color, licence_no, registration_time, marked_as_paid, marked_as_present) VALUES ('G', NULL, 7221154, '2023-9-12T23:8:23', FALSE, FALSE);
INSERT INTO entries(category_id, color, licence_no, registration_time, marked_as_paid, marked_as_present) VALUES ('3', '#FFFF00', 7219456, '2023-9-12T3:36:33', FALSE, FALSE);
INSERT INTO entries(category_id, color, licence_no, registration_time, marked_as_paid, marked_as_present) VALUES ('4', '#FFFF00', 7218408, '2023-9-13T16:25:33', FALSE, FALSE);
INSERT INTO entries(category_id, color, licence_no, registration_time, marked_as_paid, marked_as_present) VALUES ('E', '#FF0000', 4455748, '2023-9-13T18:2:13', TRUE, FALSE);
INSERT INTO entries(category_id, color, licence_no, registration_time, marked_as_paid, marked_as_present) VALUES ('D', '#00FF00', 4528713, '2023-9-14T10:33:31', FALSE, FALSE);
INSERT INTO entries(category_id, color, licence_no, registration_time, marked_as_paid, marked_as_present) VALUES ('1', '#0000FF', 7221254, '2023-9-14T22:3:23', TRUE, FALSE);
INSERT INTO entries(category_id, color, licence_no, registration_time, marked_as_paid, marked_as_present) VALUES ('G', NULL, 9241901, '2023-9-15T23:55:16', FALSE, FALSE);
INSERT INTO entries(category_id, color, licence_no, registration_time, marked_as_paid, marked_as_present) VALUES ('4', '#FFFF00', 9245676, '2023-9-15T4:50:37', TRUE, FALSE);
INSERT INTO entries(category_id, color, licence_no, registration_time, marked_as_paid, marked_as_present) VALUES ('G', NULL, 5325784, '2023-9-16T11:57:48', TRUE, FALSE);
INSERT INTO entries(category_id, color, licence_no, registration_time, marked_as_paid, marked_as_present) VALUES ('4', '#FFFF00', 7216475, '2023-9-16T13:58:22', FALSE, FALSE);
INSERT INTO entries(category_id, color, licence_no, registration_time, marked_as_paid, marked_as_present) VALUES ('3', '#FFFF00', 7220549, '2023-9-17T1:26:45', TRUE, FALSE);
INSERT INTO entries(category_id, color, licence_no, registration_time, marked_as_paid, marked_as_present) VALUES ('F', '#FF0000', 7219370, '2023-9-17T22:43:30', TRUE, FALSE);
INSERT INTO entries(category_id, color, licence_no, registration_time, marked_as_paid, marked_as_present) VALUES ('7', '#00FFFF', 722370, '2023-9-17T5:10:51', FALSE, FALSE);
INSERT INTO entries(category_id, color, licence_no, registration_time, marked_as_paid, marked_as_present) VALUES ('7', '#00FFFF', 7218408, '2023-9-18T7:27:4', TRUE, FALSE);
INSERT INTO entries(category_id, color, licence_no, registration_time, marked_as_paid, marked_as_present) VALUES ('1', '#0000FF', 9143724, '2023-9-19T14:39:23', FALSE, FALSE);
INSERT INTO entries(category_id, color, licence_no, registration_time, marked_as_paid, marked_as_present) VALUES ('B', '#000000', 5326002, '2023-9-19T15:4:30', FALSE, FALSE);
INSERT INTO entries(category_id, color, licence_no, registration_time, marked_as_paid, marked_as_present) VALUES ('6', '#00FFFF', 9426636, '2023-9-19T16:4:43', FALSE, FALSE);
INSERT INTO entries(category_id, color, licence_no, registration_time, marked_as_paid, marked_as_present) VALUES ('B', '#000000', 4527177, '2023-9-1T2:8:33', TRUE, FALSE);
INSERT INTO entries(category_id, color, licence_no, registration_time, marked_as_paid, marked_as_present) VALUES ('E', '#FF0000', 5325784, '2023-9-1T8:30:35', TRUE, FALSE);
INSERT INTO entries(category_id, color, licence_no, registration_time, marked_as_paid, marked_as_present) VALUES ('B', '#000000', 4935234, '2023-9-20T3:7:40', FALSE, FALSE);
INSERT INTO entries(category_id, color, licence_no, registration_time, marked_as_paid, marked_as_present) VALUES ('7', '#00FFFF', 7225053, '2023-9-21T4:5:36', TRUE, FALSE);
INSERT INTO entries(category_id, color, licence_no, registration_time, marked_as_paid, marked_as_present) VALUES ('F', '#FF0000', 7213526, '2023-9-21T7:22:44', TRUE, FALSE);
INSERT INTO entries(category_id, color, licence_no, registration_time, marked_as_paid, marked_as_present) VALUES ('7', '#00FFFF', 7216475, '2023-9-22T23:35:32', FALSE, FALSE);
INSERT INTO entries(category_id, color, licence_no, registration_time, marked_as_paid, marked_as_present) VALUES ('G', NULL, 725492, '2023-9-23T0:28:22', TRUE, FALSE);
INSERT INTO entries(category_id, color, licence_no, registration_time, marked_as_paid, marked_as_present) VALUES ('G', NULL, 7218004, '2023-9-24T10:26:55', TRUE, FALSE);
INSERT INTO entries(category_id, color, licence_no, registration_time, marked_as_paid, marked_as_present) VALUES ('1', '#0000FF', 7221154, '2023-9-25T6:16:33', TRUE, FALSE);
INSERT INTO entries(category_id, color, licence_no, registration_time, marked_as_paid, marked_as_present) VALUES ('F', '#FF0000', 4532589, '2023-9-27T11:41:2', FALSE, FALSE);
INSERT INTO entries(category_id, color, licence_no, registration_time, marked_as_paid, marked_as_present) VALUES ('B', '#000000', 7217048, '2023-9-28T1:45:34', TRUE, FALSE);
INSERT INTO entries(category_id, color, licence_no, registration_time, marked_as_paid, marked_as_present) VALUES ('G', NULL, 7221254, '2023-9-29T18:5:10', FALSE, FALSE);
INSERT INTO entries(category_id, color, licence_no, registration_time, marked_as_paid, marked_as_present) VALUES ('G', NULL, 7731399, '2023-9-29T1:23:46', TRUE, FALSE);
INSERT INTO entries(category_id, color, licence_no, registration_time, marked_as_paid, marked_as_present) VALUES ('D', '#00FF00', 4529053, '2023-9-29T7:10:31', TRUE, FALSE);
INSERT INTO entries(category_id, color, licence_no, registration_time, marked_as_paid, marked_as_present) VALUES ('D', '#00FF00', 5327437, '2023-9-29T7:25:5', FALSE, FALSE);
INSERT INTO entries(category_id, color, licence_no, registration_time, marked_as_paid, marked_as_present) VALUES ('7', '#00FFFF', 7214813, '2023-9-2T20:59:16', TRUE, FALSE);
INSERT INTO entries(category_id, color, licence_no, registration_time, marked_as_paid, marked_as_present) VALUES ('A', '#000000', 7216286, '2023-9-2T6:37:20', FALSE, FALSE);
INSERT INTO entries(category_id, color, licence_no, registration_time, marked_as_paid, marked_as_present) VALUES ('1', '#0000FF', 7731399, '2023-9-30T1:32:33', FALSE, FALSE);
INSERT INTO entries(category_id, color, licence_no, registration_time, marked_as_paid, marked_as_present) VALUES ('E', '#FF0000', 61624, '2023-9-3T8:33:50', TRUE, FALSE);
INSERT INTO entries(category_id, color, licence_no, registration_time, marked_as_paid, marked_as_present) VALUES ('G', NULL, 5324922, '2023-9-4T13:1:51', TRUE, FALSE);
INSERT INTO entries(category_id, color, licence_no, registration_time, marked_as_paid, marked_as_present) VALUES ('1', '#0000FF', 5324871, '2023-9-4T13:47:28', TRUE, FALSE);
INSERT INTO entries(category_id, color, licence_no, registration_time, marked_as_paid, marked_as_present) VALUES ('F', '#FF0000', 1420954, '2023-9-5T10:40:48', FALSE, TRUE);
INSERT INTO entries(category_id, color, licence_no, registration_time, marked_as_paid, marked_as_present) VALUES ('3', '#FFFF00', 798720, '2023-9-6T3:28:45', FALSE, FALSE);
INSERT INTO entries(category_id, color, licence_no, registration_time, marked_as_paid, marked_as_present) VALUES ('D', '#00FF00', 9324241, '2023-9-7T13:36:36', TRUE, FALSE);
INSERT INTO entries(category_id, color, licence_no, registration_time, marked_as_paid, marked_as_present) VALUES ('3', '#FFFF00', 7221154, '2023-9-7T4:20:46', FALSE, FALSE);
INSERT INTO entries(category_id, color, licence_no, registration_time, marked_as_paid, marked_as_present) VALUES ('4', '#FFFF00', 9240480, '2023-9-7T8:44:36', TRUE, FALSE);
INSERT INTO entries(category_id, color, licence_no, registration_time, marked_as_paid, marked_as_present) VALUES ('D', '#00FF00', 9321828, '2023-9-7T8:55:26', FALSE, FALSE);
INSERT INTO entries(category_id, color, licence_no, registration_time, marked_as_paid, marked_as_present) VALUES ('6', '#00FFFF', 7887928, '2023-9-8T14:2:5', FALSE, FALSE);
